Date,Barrel_oil_Â£,Diesel(pence/litre),Diesel dutyrate,diesel vat
2022-06-27,89.04961800000001,198.93,52.95,20.0
2022-06-20,87.742586,194.87,52.95,20.0
2022-06-13,89.609124,190.43,52.95,20.0
2022-06-06,97.959906,184.94,52.95,20.0
2022-05-30,95.155435,182.25,52.95,20.0
2022-05-23,91.181468,181.16,52.95,20.0
2022-05-16,90.651938,179.67,52.95,20.0
2022-05-09,90.082497,178.39,52.95,20.0
2022-05-02,88.946631,177.06,52.95,20.0
2022-04-25,83.249488,176.33,52.95,20.0
2022-04-18,79.492116,175.93,52.95,20.0
2022-04-11,81.88092,176.22,52.95,20.0
2022-04-04,75.38507200000001,176.0,52.95,20.0
2022-03-28,75.683448,176.44,52.95,20.0
2022-03-21,86.40454000000001,177.47,57.95,20.0
2022-03-14,79.43589,169.48,57.95,20.0
2022-03-07,83.845177,158.56,57.95,20.0
2022-02-28,87.44251200000001,153.36,57.95,20.0
2022-02-21,68.307822,151.95,57.95,20.0
2022-02-14,66.991092,151.1,57.95,20.0
2022-02-07,68.63332,150.3,57.95,20.0
2022-01-31,68.21709,149.68,57.95,20.0
2022-01-24,64.75903799999999,148.81,57.95,20.0
2022-01-17,62.799264,148.7,57.95,20.0
2022-01-10,61.28918399999999,148.65,57.95,20.0
2022-01-03,58.046730000000004,148.85,57.95,20.0
2021-12-27,55.572669,148.82,57.95,20.0
2021-12-20,55.11375100000001,148.89,57.95,20.0
2021-12-13,53.513472,149.88,57.95,20.0
2021-12-06,53.989011,150.61,57.95,20.0
2021-11-29,50.06605600000001,151.31,57.95,20.0
2021-11-22,51.085240000000006,150.73,57.95,20.0
2021-11-15,56.55752,149.76,57.95,20.0
2021-11-08,60.212787,148.84,57.95,20.0
2021-11-01,60.196689,147.48,57.95,20.0
2021-10-25,61.02281399999999,145.9,57.95,20.0
2021-10-18,60.89352,143.19,57.95,20.0
2021-10-11,59.825787999999996,140.66,57.95,20.0
2021-10-04,58.282575,139.2,57.95,20.0
2021-09-27,56.007028,137.95,57.95,20.0
2021-09-20,54.094176,137.35,57.95,20.0
2021-09-13,52.358175,137.19,57.95,20.0
2021-09-06,50.365728000000004,137.19,57.95,20.0
2021-08-30,49.965019000000005,137.11,57.95,20.0
2021-08-23,49.953357999999994,137.15,57.95,20.0
2021-08-16,45.74288,136.77,57.95,20.0
2021-08-09,49.352084,137.31,57.95,20.0
2021-08-02,49.209396,136.89,57.95,20.0
2021-07-26,53.18484,136.2,57.95,20.0
2021-07-19,52.430924999999995,135.95,57.95,20.0
2021-07-12,52.148422,135.29,57.95,20.0
2021-07-05,53.63100800000001,134.13,57.95,20.0
2021-06-28,54.333164,134.27,57.95,20.0
2021-06-21,53.353025,133.69,57.95,20.0
2021-06-14,51.86736,133.17,57.95,20.0
2021-06-07,50.261008,132.38,57.95,20.0
2021-05-31,49.17260600000001,131.82,57.95,20.0
2021-05-24,46.73570399999999,131.52,57.95,20.0
2021-05-17,44.931986,131.03,57.95,20.0
2021-05-10,46.36040400000001,130.43,57.95,20.0
2021-05-03,46.435950000000005,130.0,57.95,20.0
2021-04-26,46.012845999999996,129.77,57.95,20.0
2021-04-19,44.778084,129.49,57.95,20.0
2021-04-12,45.636677,129.39,57.95,20.0
2021-04-05,43.262076,129.35,57.95,20.0
2021-03-29,44.41606,129.32,57.95,20.0
2021-03-22,44.215444,129.02,57.95,20.0
2021-03-15,44.271536,128.24,57.95,20.0
2021-03-08,47.10798,127.4,57.95,20.0
2021-03-01,47.736807000000006,126.62,57.95,20.0
2021-02-22,44.132400000000004,125.71,57.95,20.0
2021-02-15,42.261816,125.01,57.95,20.0
2021-02-08,42.955181,124.09,57.95,20.0
2021-02-01,41.3868,123.7,57.95,20.0
2021-01-25,38.09556,122.7,57.95,20.0
2021-01-18,38.188462,121.52,57.95,20.0
2021-01-11,38.526488,120.61,57.95,20.0
2021-01-04,38.506104,119.97,57.95,20.0
2020-12-28,35.482676,119.65,57.95,20.0
2020-12-21,35.588916999999995,119.17,57.95,20.0
2020-12-14,36.304539999999996,118.57,57.95,20.0
2020-12-07,35.206920000000004,117.99,57.95,20.0
2020-11-30,34.412814,117.41,57.95,20.0
2020-11-23,34.188477,117.13,57.95,20.0
2020-11-16,31.726305,117.07,57.95,20.0
2020-11-09,30.426566,117.28,57.95,20.0
2020-11-02,28.222686,118.06,57.95,20.0
2020-10-26,27.647775,118.08,57.95,20.0
2020-10-19,30.54901,118.08,57.95,20.0
2020-10-12,31.645208000000004,118.05,57.95,20.0
2020-10-05,31.11178,118.11,57.95,20.0
2020-09-28,28.628535,118.14,57.95,20.0
2020-09-21,31.568075,118.16,57.95,20.0
2020-09-14,31.823251,118.18,57.95,20.0
2020-09-07,29.169662,118.22,57.95,20.0
2020-08-31,29.938856000000005,118.18,57.95,20.0
2020-08-24,32.175936,118.14,57.95,20.0
2020-08-17,32.33929200000001,118.0,57.95,20.0
2020-08-10,32.099841,118.01,57.95,20.0
2020-08-03,31.57452,117.97,57.95,20.0
2020-07-27,30.770307000000003,117.76,57.95,20.0
2020-07-20,32.276393,117.35,57.95,20.0
2020-07-13,32.297463,116.75,57.95,20.0
2020-07-06,32.123709999999996,115.05,57.95,20.0
2020-06-29,32.556585,114.1,57.95,20.0
2020-06-22,31.203843,112.98,57.95,20.0
2020-06-15,32.1657,112.53,57.95,20.0
2020-06-08,28.910097999999998,111.98,57.95,20.0
2020-06-01,31.228679999999997,111.76,57.95,20.0
2020-05-25,28.743351,111.7,57.95,20.0
2020-05-18,27.31155,112.22,57.95,20.0
2020-05-11,24.309179999999998,114.83,57.95,20.0
2020-05-04,19.937965999999996,114.94,57.95,20.0
2020-04-27,15.818066,115.22,57.95,20.0
2020-04-20,13.694296000000001,115.73,57.95,20.0
2020-04-13,14.616,116.15,57.95,20.0
2020-04-06,18.276280000000003,116.83,57.95,20.0
2020-03-30,23.114104,118.6,57.95,20.0
2020-03-23,17.266077,123.41,57.95,20.0
2020-03-16,19.265127,124.36,57.95,20.0
2020-03-09,25.840912,126.25,57.95,20.0
2020-03-02,31.632864,126.62,57.95,20.0
2020-02-24,34.9128,127.67,57.95,20.0
2020-02-17,41.15598,128.2,57.95,20.0
2020-02-10,39.891119999999994,129.7,57.95,20.0
2020-02-03,39.028192,131.48,57.95,20.0
2020-01-27,39.0567,132.88,57.95,20.0
2020-01-20,41.439093,132.74,57.95,20.0
2020-01-13,44.999698,132.69,57.95,20.0
2020-01-06,45.206928000000005,131.56,57.95,20.0
2019-12-30,48.176505,130.54,57.95,20.0
2019-12-23,47.197284,129.81,57.95,20.0
2019-12-16,46.47836,129.56,57.95,20.0
2019-12-09,45.076527999999996,129.79,57.95,20.0
2019-12-02,45.06304,129.79,57.95,20.0
2019-11-25,42.657444,130.08,57.95,20.0
2019-11-18,45.020161,130.35,57.95,20.0
2019-11-11,44.744544,130.42,57.95,20.0
2019-11-04,44.818920000000006,130.38,57.95,20.0
2019-10-28,43.44822,130.6,57.95,20.0
2019-10-21,44.189134,131.28,57.95,20.0
2019-10-14,41.459002000000005,131.89,57.95,20.0
2019-10-07,43.24582,131.82,57.95,20.0
2019-09-30,42.818348,131.83,57.95,20.0
2019-09-23,45.493967,131.52,57.95,20.0
2019-09-16,46.553326000000006,131.35,57.95,20.0
2019-09-09,43.874515,131.89,57.95,20.0
2019-09-02,46.018584000000004,132.29,57.95,20.0
2019-08-26,45.31975,132.51,57.95,20.0
2019-08-19,44.116048,132.6,57.95,20.0
2019-08-12,45.15801,132.59,57.95,20.0
2019-08-05,45.3004,132.61,57.95,20.0
2019-07-29,45.791481999999995,132.6,57.95,20.0
2019-07-22,45.38712,132.21,57.95,20.0
2019-07-15,44.498437,131.86,57.95,20.0
2019-07-08,47.885013,131.68,57.95,20.0
2019-07-01,45.921735,131.55,57.95,20.0
2019-06-24,46.056819,131.81,57.95,20.0
2019-06-17,45.071064,133.76,57.95,20.0
2019-06-10,41.703442,135.4,57.95,20.0
2019-06-03,42.392948000000004,136.39,57.95,20.0
2019-05-27,42.3399,136.45,57.95,20.0
2019-05-20,46.118358,135.82,57.95,20.0
2019-05-13,49.335636,135.36,57.95,20.0
2019-05-06,47.428872,135.41,57.95,20.0
2019-04-29,47.018654,134.6,57.95,20.0
2019-04-22,49.00053,133.99,57.95,20.0
2019-04-15,49.2352,132.96,57.95,20.0
2019-04-08,48.831127,132.08,57.95,20.0
2019-04-01,48.38236,131.48,57.95,20.0
2019-03-25,46.145421999999996,131.15,57.95,20.0
2019-03-18,44.69328,130.85,57.95,20.0
2019-03-11,44.012892,130.59,57.95,20.0
2019-03-04,43.067367,130.25,57.95,20.0
2019-02-25,42.25734,129.66,57.95,20.0
2019-02-18,43.866886,129.23,57.95,20.0
2019-02-11,43.12672200000001,129.17,57.95,20.0
2019-02-04,40.715655999999996,129.13,57.95,20.0
2019-01-28,42.246269999999996,129.1,57.95,20.0
2019-01-21,40.675544,128.92,57.95,20.0
2019-01-14,41.78646,129.47,57.95,20.0
2019-01-07,40.147338000000005,130.33,57.95,20.0
2018-12-31,37.701356000000004,130.26,57.95,20.0
2018-12-24,35.67471,130.91,57.95,20.0
2018-12-17,36.093603,131.26,57.95,20.0
2018-12-10,40.68352,132.5,57.95,20.0
2018-12-03,41.330416,134.38,57.95,20.0
2018-11-26,39.924027,135.43,57.95,20.0
2018-11-19,39.347768,136.38,57.95,20.0
2018-11-12,43.976694,137.08,57.95,20.0
2018-11-05,46.382414,137.03,57.95,20.0
2018-10-29,48.674626,136.99,57.95,20.0
2018-10-22,52.666128,136.93,57.95,20.0
2018-10-15,52.8768,136.63,57.95,20.0
2018-10-08,54.225534,135.53,57.95,20.0
2018-10-01,56.64708,134.86,57.95,20.0
2018-09-24,56.21205,134.77,57.95,20.0
2018-09-17,54.125466,134.57,57.95,20.0
2018-09-10,52.798047,134.31,57.95,20.0
2018-09-03,52.431725,133.67,57.95,20.0
2018-08-27,53.83674,133.2,57.95,20.0
2018-08-20,53.46416,132.97,57.95,20.0
2018-08-13,51.686622,132.56,57.95,20.0
2018-08-06,52.967816,132.39,57.95,20.0
2018-07-30,52.655111999999995,131.94,57.95,20.0
2018-07-23,52.389863,131.9,57.95,20.0
2018-07-16,53.64824399999999,131.85,57.95,20.0
2018-07-09,53.655156000000005,131.53,57.95,20.0
2018-07-02,55.549260000000004,130.83,57.95,20.0
2018-06-25,56.138965000000006,131.27,57.95,20.0
2018-06-18,51.681888,131.98,57.95,20.0
2018-06-11,48.970662000000004,132.62,57.95,20.0
2018-06-04,49.015744,132.34,57.95,20.0
2018-05-28,49.298271,131.66,57.95,20.0
2018-05-21,51.00503199999999,130.04,57.95,20.0
2018-05-14,52.904016,128.28,57.95,20.0
2018-05-07,52.19781,126.99,57.95,20.0
2018-04-30,51.516108,126.01,57.95,20.0
2018-04-23,49.42017,125.39,57.95,20.0
2018-04-16,48.823319999999995,124.29,57.95,20.0
2018-04-09,47.321258,123.58,57.95,20.0
2018-04-02,44.037776,123.05,57.95,20.0
2018-03-26,46.328196,122.9,57.95,20.0
2018-03-19,46.616687999999996,122.84,57.95,20.0
2018-03-12,44.722716000000005,122.96,57.95,20.0
2018-03-05,44.799084,122.92,57.95,20.0
2018-02-26,44.3695,123.09,57.95,20.0
2018-02-19,45.495445,124.18,57.95,20.0
2018-02-12,43.922328,125.02,57.95,20.0
2018-02-05,42.783840000000005,125.36,57.95,20.0
2018-01-29,46.345145,125.32,57.95,20.0
2018-01-22,46.674998,125.07,57.95,20.0
2018-01-15,45.746803,124.58,57.95,20.0
2018-01-08,46.83612,123.97,57.95,20.0
2018-01-01,45.275135999999996,123.51,57.95,20.0
2017-12-25,44.704758,123.43,57.95,20.0
2017-12-18,43.753100999999994,123.81,57.95,20.0
2017-12-11,43.01511,123.69,57.95,20.0
2017-12-04,42.836448,123.21,57.95,20.0
2017-11-27,43.314792,123.79,57.95,20.0
2017-11-20,44.20071,123.32,57.95,20.0
2017-11-13,42.79704,122.69,57.95,20.0
2017-11-06,43.014594,121.27,57.95,20.0
2017-10-30,42.553472,120.63,57.95,20.0
2017-10-23,41.05563,120.65,57.95,20.0
2017-10-16,39.024553999999995,120.42,57.95,20.0
2017-10-09,38.726415,120.51,57.95,20.0
2017-10-02,37.721637,120.37,57.95,20.0
2017-09-25,38.566488,120.92,57.95,20.0
2017-09-18,37.544126,120.59,57.95,20.0
2017-09-11,36.704073,119.94,57.95,20.0
2017-09-04,35.975596,118.77,57.95,20.0
2017-08-28,36.517338,118.24,57.95,20.0
2017-08-21,37.142333,118.05,57.95,20.0
2017-08-14,37.672866,117.43,57.95,20.0
2017-08-07,37.51817,116.64,57.95,20.0
2017-07-31,38.032818,115.99,57.95,20.0
2017-07-24,37.844223,115.73,57.95,20.0
2017-07-17,35.220015000000004,115.58,57.95,20.0
2017-07-10,35.537943999999996,115.29,57.95,20.0
2017-07-03,34.309211,115.63,57.95,20.0
2017-06-26,35.344908000000004,116.26,57.95,20.0
2017-06-19,33.818763,117.18,57.95,20.0
2017-06-12,35.017998,117.76,57.95,20.0
2017-06-05,35.958217999999995,117.95,57.95,20.0
2017-05-29,36.984159999999996,117.88,57.95,20.0
2017-05-22,38.8938,117.76,57.95,20.0
2017-05-15,38.608143,117.65,57.95,20.0
2017-05-08,37.11427200000001,119.34,57.95,20.0
2017-05-01,35.603266,120.78,57.95,20.0
2017-04-24,38.092625999999996,120.77,57.95,20.0
2017-04-17,38.723448,120.36,57.95,20.0
2017-04-10,42.458912,119.98,57.95,20.0
2017-04-03,42.220368,119.92,57.95,20.0
2017-03-27,40.3029,121.08,57.95,20.0
2017-03-20,38.462346,121.84,57.95,20.0
2017-03-13,39.355703999999996,122.77,57.95,20.0
2017-03-06,39.839384,122.9,57.95,20.0
2017-02-27,43.378622,123.06,57.95,20.0
2017-02-20,43.305379,123.15,57.95,20.0
2017-02-13,43.0137,123.17,57.95,20.0
2017-02-06,43.11493,123.25,57.95,20.0
2017-01-30,43.107063999999994,123.19,57.95,20.0
2017-01-23,42.349905,122.75,57.95,20.0
2017-01-16,42.360602,122.1,57.95,20.0
2017-01-09,43.006244,121.3,57.95,20.0
2017-01-02,43.937062,120.03,57.95,20.0
2016-12-26,43.54006,119.03,57.95,20.0
2016-12-19,43.13177,118.61,57.95,20.0
2016-12-12,41.53038,117.51,57.95,20.0
2016-12-05,40.9528,116.75,57.95,20.0
2016-11-28,40.599807999999996,116.57,57.95,20.0
2016-11-21,36.91709,117.42,57.95,20.0
2016-11-14,37.008900000000004,118.82,57.95,20.0
2016-11-07,34.445834999999995,119.03,57.95,20.0
2016-10-31,35.203116,118.42,57.95,20.0
2016-10-24,39.96322,117.7,57.95,20.0
2016-10-17,41.559705,116.0,57.95,20.0
2016-10-10,41.31721,114.4,57.95,20.0
2016-10-03,40.062183000000005,113.71,57.95,20.0
2016-09-26,37.173744,113.38,57.95,20.0
2016-09-19,34.285184,113.23,57.95,20.0
2016-09-12,33.098676,113.42,57.95,20.0
2016-09-05,34.584344,113.1,57.95,20.0
2016-08-29,33.432212,112.55,57.95,20.0
2016-08-22,36.263568,111.71,57.95,20.0
2016-08-15,37.108096,111.02,57.95,20.0
2016-08-08,34.426362000000005,111.4,57.95,20.0
2016-08-01,31.976999999999997,112.43,57.95,20.0
2016-07-25,31.4496,112.89,57.95,20.0
2016-07-18,33.708132,113.0,57.95,20.0
2016-07-11,34.8301,113.09,57.95,20.0
2016-07-04,35.051978999999996,112.86,57.95,20.0
2016-06-27,36.93846,112.56,57.95,20.0
2016-06-20,34.82484,112.31,57.95,20.0
2016-06-13,33.41807,111.99,57.95,20.0
2016-06-06,34.417698,111.43,57.95,20.0
2016-05-30,33.484593999999994,110.7,57.95,20.0
2016-05-23,33.726921,109.9,57.95,20.0
2016-05-16,32.928399999999996,109.3,57.95,20.0
2016-05-09,32.176023,109.0,57.95,20.0
2016-05-02,30.949379999999994,108.58,57.95,20.0
2016-04-25,31.423056000000003,107.67,57.95,20.0
2016-04-18,30.366111999999998,106.97,57.95,20.0
2016-04-11,28.43362,105.98,57.95,20.0
2016-04-04,28.117787999999997,105.32,57.95,20.0
2016-03-28,25.859690999999998,104.4,57.95,20.0
2016-03-21,27.89822,103.64,57.95,20.0
2016-03-14,27.237264,102.52,57.95,20.0
2016-03-07,26.78445,101.67,57.95,20.0
2016-02-29,25.244576000000002,101.38,57.95,20.0
2016-02-22,23.631102000000002,101.13,57.95,20.0
2016-02-15,20.576088000000002,101.21,57.95,20.0
2016-02-08,20.292992,101.14,57.95,20.0
2016-02-01,21.298655,100.84,57.95,20.0
2016-01-25,23.597877999999998,101.54,57.95,20.0
2016-01-18,22.565189999999998,102.81,57.95,20.0
2016-01-11,20.635188000000003,103.41,57.95,20.0
2016-01-04,22.837291999999998,106.32,57.95,20.0
2015-12-28,25.116824,106.43,57.95,20.0
2015-12-21,25.51176,107.04,57.95,20.0
2015-12-14,23.317721999999996,108.07,57.95,20.0
2015-12-07,23.405901999999998,109.92,57.95,20.0
2015-11-30,26.448148999999997,110.01,57.95,20.0
2015-11-23,27.737150000000003,110.27,57.95,20.0
2015-11-16,26.588737000000002,110.32,57.95,20.0
2015-11-09,26.741736,110.08,57.95,20.0
2015-11-02,29.430705,110.14,57.95,20.0
2015-10-26,30.199638000000004,110.61,57.95,20.0
2015-10-19,29.123800000000003,111.17,57.95,20.0
2015-10-12,30.619754,110.78,57.95,20.0
2015-10-05,32.428242,110.57,57.95,20.0
2015-09-28,29.992644,110.45,57.95,20.0
2015-09-21,30.09802,110.52,57.95,20.0
2015-09-14,28.769452,109.95,57.95,20.0
2015-09-07,28.924703,109.78,57.95,20.0
2015-08-31,30.351554999999998,109.92,57.95,20.0
2015-08-24,29.374912,111.05,57.95,20.0
2015-08-17,25.770695000000003,112.05,57.95,20.0
2015-08-10,27.166,114.2,57.95,20.0
2015-08-03,28.309310999999997,115.17,57.95,20.0
2015-07-27,30.161512,116.95,57.95,20.0
2015-07-20,31.031043999999998,118.43,57.95,20.0
2015-07-13,32.605223,118.83,57.95,20.0
2015-07-06,33.969834,120.76,57.95,20.0
2015-06-29,36.560446,120.99,57.95,20.0
2015-06-22,37.859087,121.21,57.95,20.0
2015-06-15,37.530456,121.3,57.95,20.0
2015-06-08,38.542288000000006,121.34,57.95,20.0
2015-06-01,38.724237,121.3,57.95,20.0
2015-05-25,39.4362,121.32,57.95,20.0
2015-05-18,38.555232,121.04,57.95,20.0
2015-05-11,37.96284,120.59,57.95,20.0
2015-05-04,38.42533,120.0,57.95,20.0
2015-04-27,39.06266,119.58,57.95,20.0
2015-04-20,37.627559999999995,119.14,57.95,20.0
2015-04-13,37.256616,119.15,57.95,20.0
2015-04-06,35.29594,119.09,57.95,20.0
2015-03-30,32.933628,118.97,57.95,20.0
2015-03-23,32.850414,118.71,57.95,20.0
2015-03-16,30.577536,118.26,57.95,20.0
2015-03-09,30.410488000000004,117.51,57.95,20.0
2015-03-02,32.99065,116.64,57.95,20.0
2015-02-23,32.239504000000004,115.74,57.95,20.0
2015-02-16,32.685762000000004,114.73,57.95,20.0
2015-02-09,34.275332,113.91,57.95,20.0
2015-02-02,33.903471,113.61,57.95,20.0
2015-01-26,32.012064,113.76,57.95,20.0
2015-01-19,30.413089000000003,114.33,57.95,20.0
2015-01-12,32.140268999999996,116.22,57.95,20.0
2015-01-05,31.898255999999996,117.93,57.95,20.0
2014-12-29,34.374956,120.36,57.95,20.0
2014-12-22,35.180444,120.81,57.95,20.0
2014-12-15,36.155844,122.43,57.95,20.0
2014-12-08,36.772941,124.79,57.95,20.0
2014-12-01,42.249528000000005,126.11,57.95,20.0
2014-11-24,42.269850000000005,127.17,57.95,20.0
2014-11-17,48.874588,127.31,57.95,20.0
2014-11-10,48.388324,127.59,57.95,20.0
2014-11-03,49.5495,128.56,57.95,20.0
2014-10-27,50.345554,129.72,57.95,20.0
2014-10-20,50.34771500000001,130.0,57.95,20.0
2014-10-13,51.412575,131.08,57.95,20.0
2014-10-06,53.380039999999994,131.43,57.95,20.0
2014-09-29,56.21313599999999,133.23,57.95,20.0
2014-09-22,57.57387000000001,133.32,57.95,20.0
2014-09-15,56.730498999999995,133.13,57.95,20.0
2014-09-08,56.718369,133.09,57.95,20.0
2014-09-01,57.140125000000005,132.77,57.95,20.0
2014-08-25,57.8159,133.16,57.95,20.0
2014-08-18,56.51777500000001,133.74,57.95,20.0
2014-08-11,58.302915,133.85,57.95,20.0
2014-08-04,58.209165,134.31,57.95,20.0
2014-07-28,58.18966,135.5,57.95,20.0
2014-07-21,60.141219,135.69,57.95,20.0
2014-07-14,60.351676000000005,136.17,57.95,20.0
2014-07-07,58.874637,136.22,57.95,20.0
2014-06-30,60.635762,136.04,57.95,20.0
2014-06-23,62.069379999999995,135.5,57.95,20.0
2014-06-16,63.047428000000004,135.54,57.95,20.0
2014-06-09,63.023445,136.04,57.95,20.0
2014-06-02,61.092966,136.38,57.95,20.0
2014-05-26,61.307598999999996,136.36,57.95,20.0
2014-05-19,61.973465,136.17,57.95,20.0
2014-05-12,60.671293999999996,136.37,57.95,20.0
2014-05-05,59.344065,136.16,57.95,20.0
2014-04-28,59.137728,135.93,57.95,20.0
2014-04-21,59.85699999999999,136.12,57.95,20.0
2014-04-14,62.058499999999995,136.05,57.95,20.0
2014-04-07,62.005398,136.01,57.95,20.0
2014-03-31,60.997533999999995,135.89,57.95,20.0
2014-03-24,61.10367,136.0,57.95,20.0
2014-03-17,60.332436,136.27,57.95,20.0
2014-03-10,59.413112,137.08,57.95,20.0
2014-03-03,61.363355999999996,137.15,57.95,20.0
2014-02-24,61.266748,136.95,57.95,20.0
2014-02-17,61.50396,136.81,57.95,20.0
2014-02-10,59.889129999999994,136.84,57.95,20.0
2014-02-03,60.856883999999994,136.84,57.95,20.0
2014-01-27,59.322665,136.94,57.95,20.0
2014-01-20,58.631488000000004,137.23,57.95,20.0
2014-01-13,57.461893,138.34,57.95,20.0
2014-01-06,56.253224,138.11,57.95,20.0
2013-12-30,57.231035999999996,137.98,57.95,20.0
2013-12-23,60.874176,138.17,57.95,20.0
2013-12-16,60.80370399999999,138.84,57.95,20.0
2013-12-09,59.27376,138.55,57.95,20.0
2013-12-02,59.72274000000001,137.9,57.95,20.0
2013-11-25,56.65192,137.72,57.95,20.0
2013-11-18,58.449892,137.47,57.95,20.0
2013-11-11,58.208952,137.32,57.95,20.0
2013-11-04,59.05877999999999,137.51,57.95,20.0
2013-10-28,59.405619,138.88,57.95,20.0
2013-10-21,60.53001,138.99,57.95,20.0
2013-10-14,62.35098500000001,139.15,57.95,20.0
2013-10-07,63.946136,138.83,57.95,20.0
2013-09-30,64.868848,140.19,57.95,20.0
2013-09-23,63.73825200000001,142.09,57.95,20.0
2013-09-16,65.404064,142.52,57.95,20.0
2013-09-09,68.161479,142.67,57.95,20.0
2013-09-02,70.717094,142.09,57.95,20.0
2013-08-19,68.353566,141.73,57.95,20.0
2013-08-12,68.752908,141.82,57.95,20.0
2013-08-05,68.371844,141.67,57.95,20.0
2013-07-29,69.949454,141.44,57.95,20.0
2013-07-22,68.06547,140.72,57.95,20.0
2013-07-15,70.77275,139.84,57.95,20.0
2013-07-08,70.12830500000001,138.73,57.95,20.0
2013-07-01,69.322552,138.51,57.95,20.0
2013-06-24,63.468888,139.64,57.95,20.0
2013-06-17,60.76733399999999,139.54,57.95,20.0
2013-06-10,62.31088,139.43,57.95,20.0
2013-06-03,61.728084,139.17,57.95,20.0
2013-05-27,60.51626,138.82,57.95,20.0
2013-05-20,62.242565000000006,138.42,57.95,20.0
2013-05-13,63.296383999999996,138.27,57.95,20.0
2013-05-06,62.51243600000001,138.54,57.95,20.0
2013-04-29,61.391181,139.59,57.95,20.0
2013-04-22,60.0873,140.64,57.95,20.0
2013-04-15,57.787366,141.67,57.95,20.0
2013-04-08,59.51195100000001,143.13,57.95,20.0
2013-04-01,60.440400000000004,143.51,57.95,20.0
2013-03-25,63.938448,144.33,57.95,20.0
2013-03-18,61.52061499999999,144.84,57.95,20.0
2013-03-11,61.82652,146.71,57.95,20.0
2013-03-04,61.634085000000006,146.34,57.95,20.0
2013-02-25,60.329404000000004,145.55,57.95,20.0
2013-02-18,61.083967,144.17,57.95,20.0
2013-02-11,61.762598,143.03,57.95,20.0
2013-02-04,60.600332,141.91,57.95,20.0
2013-01-28,62.259936,140.77,57.95,20.0
2013-01-21,60.69204,139.95,57.95,20.0
2013-01-14,60.2028,139.68,57.95,20.0
2013-01-07,58.016556,139.75,57.95,20.0
2012-12-31,57.929907,139.81,57.95,20.0
2012-12-24,56.15071999999999,139.84,57.95,20.0
2012-12-17,54.827344,140.08,57.95,20.0
2012-12-10,53.668524000000005,140.76,57.95,20.0
2012-12-03,53.57735500000001,140.91,57.95,20.0
2012-11-26,55.488730999999994,141.13,57.95,20.0
2012-11-19,55.077892,141.33,57.95,20.0
2012-11-12,54.550098,141.74,57.95,20.0
2012-11-05,54.13802999999999,142.75,57.95,20.0
2012-10-29,52.961126,143.0,57.95,20.0
2012-10-22,53.562624,143.23,57.95,20.0
2012-10-15,56.26324,143.23,57.95,20.0
2012-10-08,57.155291999999996,143.05,57.95,20.0
2012-10-01,55.716612,143.28,57.95,20.0
2012-09-24,57.028734,144.36,57.95,20.0
2012-09-17,57.229529,144.18,57.95,20.0
2012-09-10,61.0533,143.66,57.95,20.0
2012-09-03,60.243216000000004,142.87,57.95,20.0
2012-08-27,60.795393999999995,142.17,57.95,20.0
2012-08-20,60.82449000000001,140.79,57.95,20.0
2012-08-13,61.167971,139.46,57.95,20.0
2012-08-06,59.195338,138.79,57.95,20.0
2012-07-30,58.42288,138.25,57.95,20.0
2012-07-23,57.232549999999996,137.72,57.95,20.0
2012-07-16,58.539888,136.85,57.95,20.0
2012-07-09,55.92691,136.44,57.95,20.0
2012-07-02,54.52092,135.91,57.95,20.0
2012-06-25,54.085536,137.2,57.95,20.0
2012-06-18,51.158064,137.71,57.95,20.0
2012-06-11,53.459886,139.58,57.95,20.0
2012-06-04,54.34542,139.96,57.95,20.0
2012-05-28,54.174407,140.49,57.95,20.0
2012-05-21,58.014109999999995,141.75,57.95,20.0
2012-05-14,57.833656,144.52,57.95,20.0
2012-05-07,59.812085999999994,146.4,57.95,20.0
2012-04-30,60.965309999999995,147.05,57.95,20.0
2012-04-23,64.500471,147.96,57.95,20.0
2012-04-16,63.901304999999994,148.04,57.95,20.0
2012-04-09,64.88573,148.0,57.95,20.0
2012-04-02,65.023314,147.68,57.95,20.0
2012-03-26,64.33599000000001,146.56,57.95,20.0
2012-03-19,67.349474,146.16,57.95,20.0
2012-03-12,67.565566,145.15,57.95,20.0
2012-03-05,68.52120000000001,144.71,57.95,20.0
2012-02-27,67.39172,143.92,57.95,20.0
2012-02-20,69.10021499999999,143.15,57.95,20.0
2012-02-13,65.19605999999999,142.83,57.95,20.0
2012-02-06,62.675184,142.24,57.95,20.0
2012-01-30,61.844664,142.45,57.95,20.0
2012-01-23,63.280336000000005,142.06,57.95,20.0
2012-01-16,63.23101199999999,141.69,57.95,20.0
2012-01-09,64.40174999999999,141.0,57.95,20.0
2012-01-02,65.821036,140.84,57.95,20.0
2011-12-26,63.606987999999994,140.77,57.95,20.0
2011-12-19,63.904848,140.93,57.95,20.0
2011-12-12,60.252026,140.95,57.95,20.0
2011-12-05,63.47328499999999,140.99,57.95,20.0
2011-11-28,64.705264,141.1,57.95,20.0
2011-11-21,62.639221,141.06,57.95,20.0
2011-11-14,61.670271,140.53,57.95,20.0
2011-11-07,61.581678999999994,140.42,57.95,20.0
2011-10-31,58.79938800000001,140.27,57.95,20.0
2011-10-24,57.88639599999999,140.19,57.95,20.0
2011-10-17,54.782320000000006,139.73,57.95,20.0
2011-10-10,54.866279999999996,139.52,57.95,20.0
2011-10-03,53.322948,139.77,57.95,20.0
2011-09-26,50.82264000000001,140.14,57.95,20.0
2011-09-19,51.62302499999999,139.86,57.95,20.0
2011-09-12,55.713863999999994,139.4,57.95,20.0
2011-09-05,54.926304,138.96,57.95,20.0
2011-08-29,53.30507000000001,138.72,57.95,20.0
2011-08-22,52.143996,139.04,57.95,20.0
2011-08-15,49.964724000000004,140.36,57.95,20.0
2011-08-08,52.448933999999994,140.84,57.95,20.0
2011-08-01,52.99679999999999,140.55,57.95,20.0
2011-07-25,58.2813,139.95,57.95,20.0
2011-07-18,61.260258,139.36,57.95,20.0
2011-07-11,60.259628,138.4,57.95,20.0
2011-07-04,59.903740000000006,137.7,57.95,20.0
2011-06-27,59.052679999999995,138.77,57.95,20.0
2011-06-20,57.11173999999999,140.05,57.95,20.0
2011-06-13,57.424374,139.77,57.95,20.0
2011-06-06,61.152711000000004,139.58,57.95,20.0
2011-05-30,61.003914,139.81,57.95,20.0
2011-05-23,60.937422000000005,140.77,57.95,20.0
2011-05-16,61.30573799999999,141.5,57.95,20.0
2011-05-09,61.513945,143.06,57.95,20.0
2011-05-02,59.367262000000004,142.53,57.95,20.0
2011-04-25,68.209891,142.11,57.95,20.0
2011-04-18,68.014053,141.34,57.95,20.0
2011-04-11,67.188682,140.33,57.95,20.0
2011-04-04,68.835737,139.46,57.95,20.0
2011-03-28,66.987564,139.04,57.95,20.0
2011-03-21,65.71690000000001,139.53,58.95,20.0
2011-03-14,62.249013,138.25,58.95,20.0
2011-03-07,62.911404,136.9,58.95,20.0
2011-02-28,64.155648,135.06,58.95,20.0
2011-02-21,60.724751999999995,134.04,58.95,20.0
2011-02-14,53.06472000000001,133.71,58.95,20.0
2011-02-07,53.461826,133.47,58.95,20.0
2011-01-31,55.278727,133.25,58.95,20.0
2011-01-24,56.319936,133.0,58.95,20.0
2011-01-17,55.667017,132.33,58.95,20.0
2011-01-10,57.706816,131.6,58.95,20.0
2011-01-03,56.585684,129.11,58.95,17.5
2010-12-27,58.57458,127.68,58.19,17.5
2010-12-20,59.261876,126.52,58.19,17.5
2010-12-13,56.667276,125.77,58.19,17.5
2010-12-06,55.500838,124.62,58.19,17.5
2010-11-29,56.528622,123.2,58.19,17.5
2010-11-22,53.715288,122.74,58.19,17.5
2010-11-15,50.992656000000004,122.51,58.19,17.5
2010-11-08,52.608624,122.19,58.19,17.5
2010-11-01,53.681985,121.66,58.19,17.5
2010-10-25,50.763462,121.17,58.19,17.5
2010-10-18,52.077374999999996,120.6,58.19,17.5
2010-10-11,50.805625,119.77,58.19,17.5
2010-10-04,51.769957999999995,118.97,58.19,17.5
2010-09-27,51.574875999999996,118.11,57.19,17.5
2010-09-20,48.349329,117.72,57.19,17.5
2010-09-13,47.135034,117.17,57.19,17.5
2010-09-06,49.79953,117.09,57.19,17.5
2010-08-30,48.288579999999996,117.37,57.19,17.5
2010-08-23,48.424514,117.9,57.19,17.5
2010-08-16,47.293548,118.79,57.19,17.5
2010-08-09,48.332529,118.94,57.19,17.5
2010-08-02,50.606970000000004,119.03,57.19,17.5
2010-07-26,50.338519999999995,119.03,57.19,17.5
2010-07-19,51.163244000000006,119.24,57.19,17.5
2010-07-12,49.71054000000001,119.78,57.19,17.5
2010-07-05,50.508542,120.44,57.19,17.5
2010-06-28,47.453692000000004,120.38,57.19,17.5
2010-06-21,52.34726799999999,120.39,57.19,17.5
2010-06-14,52.050192,120.21,57.19,17.5
2010-06-07,50.72375,120.4,57.19,17.5
2010-05-31,49.449165,120.76,57.19,17.5
2010-05-24,51.135461,121.92,57.19,17.5
2010-05-17,48.404644000000005,122.83,57.19,17.5
2010-05-10,49.253358,122.82,57.19,17.5
2010-05-03,50.736805,122.68,57.19,17.5
2010-04-26,56.41963500000001,122.31,57.19,17.5
2010-04-19,55.345024,121.74,57.19,17.5
2010-04-12,54.18924,121.11,57.19,17.5
2010-04-05,55.231968,120.09,57.19,17.5
2010-03-29,55.802025,118.21,56.19,17.5
2010-03-22,53.68000000000001,117.28,56.19,17.5
2010-03-15,53.740948,116.21,56.19,17.5
2010-03-08,53.488415999999994,114.68,56.19,17.5
2010-03-01,53.847049999999996,113.41,56.19,17.5
2010-02-22,52.241028,112.76,56.19,17.5
2010-02-15,51.581203,113.68,56.19,17.5
2010-02-08,47.25046199999999,113.79,56.19,17.5
2010-02-01,45.518885999999995,113.75,56.19,17.5
2010-01-25,45.548961,113.71,56.19,17.5
2010-01-18,46.274432000000004,113.39,56.19,17.5
2010-01-11,47.9622,112.59,56.19,17.5
2010-01-04,51.627725,111.08,56.19,17.5
2009-12-28,49.076223999999996,109.17,56.19,15.0
2009-12-21,48.890519999999995,109.13,56.19,15.0
2009-12-14,45.424512,109.57,56.19,15.0
2009-12-07,42.991011,109.87,56.19,15.0
2009-11-30,45.878213,109.99,56.19,15.0
2009-11-23,46.17755999999999,109.87,56.19,15.0
2009-11-16,46.476976,109.65,56.19,15.0
2009-11-09,45.74128499999999,109.35,56.19,15.0
2009-11-02,46.581888000000006,108.51,56.19,15.0
2009-10-26,46.831399999999995,107.78,56.19,15.0
2009-10-19,49.3626,106.28,56.19,15.0
2009-10-12,48.013242000000005,105.69,56.19,15.0
2009-10-05,45.322754999999994,105.85,56.19,15.0
2009-09-28,43.879635,106.39,56.19,15.0
2009-09-21,41.381336,106.79,56.19,15.0
2009-09-14,44.27578400000001,107.09,56.19,15.0
2009-09-07,41.580929000000005,107.3,56.19,15.0
2009-08-31,41.4922,105.5,54.19,15.0
2009-08-24,44.713277999999995,105.11,54.19,15.0
2009-08-17,44.762562,104.45,54.19,15.0
2009-08-10,40.816546,103.79,54.19,15.0
2009-08-03,42.51544200000001,103.2,54.19,15.0
2009-07-27,41.538045,102.91,54.19,15.0
2009-07-20,41.41523,102.99,54.19,15.0
2009-07-13,38.917788,104.04,54.19,15.0
2009-07-06,36.970096999999996,105.11,54.19,15.0
2009-06-29,40.83876,105.05,54.19,15.0
2009-06-22,41.85563199999999,104.92,54.19,15.0
2009-06-15,42.13339,104.5,54.19,15.0
2009-06-08,43.807524,103.78,54.19,15.0
2009-06-01,42.829752,103.55,54.19,15.0
2009-05-25,40.972949,103.55,54.19,15.0
2009-05-18,38.697925,103.37,54.19,15.0
2009-05-11,37.15623,103.1,54.19,15.0
2009-05-04,38.455417000000004,102.8,54.19,15.0
2009-04-27,35.659960000000005,102.83,54.19,15.0
2009-04-20,35.121015,102.71,54.19,15.0
2009-04-13,34.02308,102.44,54.19,15.0
2009-04-06,35.606784,102.14,54.19,15.0
2009-03-30,35.402242,99.98,52.35,15.0
2009-03-23,36.566478000000004,99.52,52.35,15.0
2009-03-16,35.292672,100.0,52.35,15.0
2009-03-09,33.045625,100.03,52.35,15.0
2009-03-02,32.323752,100.64,52.35,15.0
2009-02-23,31.278287999999996,100.81,52.35,15.0
2009-02-16,26.954268,100.86,52.35,15.0
2009-02-09,26.076952,100.31,52.35,15.0
2009-02-02,27.130818,99.82,52.35,15.0
2009-01-26,28.713351999999997,99.39,52.35,15.0
2009-01-19,33.658221000000005,98.45,52.35,15.0
2009-01-12,24.757431,98.32,52.35,15.0
2009-01-05,26.886554999999998,97.57,52.35,15.0
2008-12-29,31.90509,99.17,52.35,15.0
2008-12-22,25.740846,99.94,52.35,15.0
2008-12-15,22.689513,101.24,52.35,15.0
2008-12-08,30.961320000000004,104.87,52.35,15.0
2008-12-01,27.665098999999998,106.56,52.35,15.0
2008-11-24,35.374057,107.78,50.35,17.5
2008-11-17,33.518009,108.73,50.35,17.5
2008-11-10,38.656008,109.13,50.35,17.5
2008-11-03,38.937416,109.87,50.35,17.5
2008-10-27,42.198163,111.01,50.35,17.5
2008-10-20,40.279785000000004,114.31,50.35,17.5
2008-10-13,41.565225,118.42,50.35,17.5
2008-10-06,45.58659,121.14,50.35,17.5
2008-09-29,52.995259999999995,121.65,50.35,17.5
2008-09-22,57.945069000000004,122.61,50.35,17.5
2008-09-15,57.084300000000006,124.14,50.35,17.5
2008-09-08,56.37749600000001,124.2,50.35,17.5
2008-09-01,60.168672,123.89,50.35,17.5
2008-08-25,63.399086,123.74,50.35,17.5
2008-08-18,61.878600000000006,124.1,50.35,17.5
2008-08-11,60.969343,126.2,50.35,17.5
2008-08-04,59.99616,128.19,50.35,17.5
2008-07-28,63.325619999999994,130.71,50.35,17.5
2008-07-21,61.913498,132.89,50.35,17.5
2008-07-14,64.491552,132.87,50.35,17.5
2008-07-07,72.888192,132.55,50.35,17.5
2008-06-30,73.269747,132.03,50.35,17.5
2008-06-23,70.301294,131.45,50.35,17.5
2008-06-16,68.158106,130.66,50.35,17.5
2008-06-09,69.27758200000001,129.68,50.35,17.5
2008-06-02,70.32290400000001,128.82,50.35,17.5
2008-05-26,64.23534,127.21,50.35,17.5
2008-05-19,66.76916899999999,124.5,50.35,17.5
2008-05-12,64.546819,121.49,50.35,17.5
2008-05-05,64.453732,120.37,50.35,17.5
2008-04-28,59.02076799999999,119.1,50.35,17.5
2008-04-21,59.722228,118.06,50.35,17.5
2008-04-14,58.415014000000006,116.51,50.35,17.5
2008-04-07,55.885036,115.47,50.35,17.5
2008-03-31,53.31683700000001,114.79,50.35,17.5
2008-03-24,52.957868,114.4,50.35,17.5
2008-03-17,51.368095999999994,113.08,50.35,17.5
2008-03-10,54.598034,112.23,50.35,17.5
2008-03-03,52.19646,110.9,50.35,17.5
2008-02-25,51.256071999999996,110.21,50.35,17.5
2008-02-18,50.225122999999996,108.99,50.35,17.5
2008-02-11,48.705,108.86,50.35,17.5
2008-02-04,47.169779999999996,108.99,50.35,17.5
2008-01-28,45.271744,109.11,50.35,17.5
2008-01-21,45.76319499999999,109.09,50.35,17.5
2008-01-14,46.344669,108.77,50.35,17.5
2008-01-07,47.36459,108.29,50.35,17.5
2007-12-31,49.659952,107.61,50.35,17.5
2007-12-24,48.1728,107.5,50.35,17.5
2007-12-17,47.046902,107.56,50.35,17.5
2007-12-10,45.279047,107.47,50.35,17.5
2007-12-03,43.460244,107.19,50.35,17.5
2007-11-26,43.139672999999995,106.25,50.35,17.5
2007-11-19,47.646754,105.28,50.35,17.5
2007-11-12,46.323209999999996,104.17,50.35,17.5
2007-11-05,46.069855999999994,102.16,50.35,17.5
2007-10-29,45.892912,100.69,50.35,17.5
2007-10-22,44.763378,99.89,50.35,17.5
2007-10-15,43.17478,99.18,50.35,17.5
2007-10-08,41.083421,99.1,50.35,17.5
2007-10-01,39.75719,98.51,50.35,17.5
2007-09-24,39.89091,96.9,48.35,17.5
2007-09-17,40.401900000000005,96.45,48.35,17.5
2007-09-10,39.38389,96.34,48.35,17.5
2007-09-03,37.790090000000006,96.37,48.35,17.5
2007-08-27,36.731244000000004,96.37,48.35,17.5
2007-08-20,35.289076,96.59,48.35,17.5
2007-08-13,36.33550400000001,96.7,48.35,17.5
2007-08-06,35.313327,96.72,48.35,17.5
2007-07-30,37.007844000000006,96.77,48.35,17.5
2007-07-23,38.04788,96.83,48.35,17.5
2007-07-16,36.764804999999996,96.79,48.35,17.5
2007-07-09,36.336595,96.78,48.35,17.5
2007-07-02,36.222975,96.89,48.35,17.5
2007-06-25,35.16330000000001,97.12,48.35,17.5
2007-06-18,34.583828,97.11,48.35,17.5
2007-06-11,34.408,97.2,48.35,17.5
2007-06-04,32.8657,97.19,48.35,17.5
2007-05-28,32.839368,96.99,48.35,17.5
2007-05-21,32.86732,96.69,48.35,17.5
2007-05-14,32.885616,96.47,48.35,17.5
2007-05-07,31.490613,96.12,48.35,17.5
2007-04-30,31.08886,95.71,48.35,17.5
2007-04-23,33.26322999999999,95.39,48.35,17.5
2007-04-16,31.651972,94.86,48.35,17.5
2007-04-02,32.712092,93.9,48.35,17.5
2007-03-26,33.468547,92.91,48.35,17.5
2007-03-19,31.750344000000002,92.61,48.35,17.5
2007-03-12,29.400228000000002,92.17,48.35,17.5
2007-03-05,31.093890000000002,91.59,48.35,17.5
2007-02-26,31.713779999999996,91.02,48.35,17.5
2007-02-19,31.138602,90.55,48.35,17.5
2007-02-12,30.449253000000002,90.11,48.35,17.5
2007-02-05,30.711592000000003,89.63,48.35,17.5
2007-01-29,29.999866,89.7,48.35,17.5
2007-01-22,28.275284,90.45,48.35,17.5
2007-01-15,26.338134000000004,91.55,48.35,17.5
2007-01-08,27.056694000000004,93.11,48.35,17.5
2007-01-01,29.174211000000003,93.4,48.35,17.5
2006-12-25,31.172130000000003,93.41,48.35,17.5
2006-12-18,31.847822999999998,93.26,48.35,17.5
2006-12-11,32.488846,92.96,48.35,17.5
2006-12-04,31.753157,91.5,47.1,17.5
2006-11-27,32.038493,91.17,47.1,17.5
2006-11-20,30.662623999999997,91.17,47.1,17.5
2006-11-13,29.439775,91.15,47.1,17.5
2006-11-06,31.177488,91.12,47.1,17.5
2006-10-30,31.113554,91.17,47.1,17.5
2006-10-23,31.984875,91.22,47.1,17.5
2006-10-16,30.165738,91.59,47.1,17.5
2006-10-09,31.551658999999997,91.74,47.1,17.5
2006-10-02,31.947695999999997,92.13,47.1,17.5
2006-09-25,33.606522,93.51,47.1,17.5
2006-09-18,31.873519999999996,94.95,47.1,17.5
2006-09-11,33.69156,95.34,47.1,17.5
2006-09-04,35.549749999999996,95.92,47.1,17.5
2006-08-28,36.290155,96.67,47.1,17.5
2006-08-21,38.437551000000006,97.93,47.1,17.5
2006-08-14,37.782454,99.45,47.1,17.5
2006-08-07,39.338584999999995,99.57,47.1,17.5
2006-07-31,39.189192000000006,99.41,47.1,17.5
2006-07-24,39.278611999999995,99.41,47.1,17.5
2006-07-17,40.028453999999996,98.74,47.1,17.5
2006-07-10,41.896617000000006,97.99,47.1,17.5
2006-07-03,40.038236,97.6,47.1,17.5
2006-06-26,40.010916,97.36,47.1,17.5
2006-06-19,38.978500000000004,97.77,47.1,17.5
2006-06-12,37.763152,97.75,47.1,17.5
2006-06-05,38.902253,97.55,47.1,17.5
2006-05-29,38.428929,97.69,47.1,17.5
2006-05-22,38.382785999999996,98.5,47.1,17.5
2006-05-15,36.499078,98.74,47.1,17.5
2006-05-08,38.0011,98.9,47.1,17.5
2006-05-01,37.74818199999999,98.9,47.1,17.5
2006-04-24,39.354299999999995,98.5,47.1,17.5
2006-04-10,39.588651999999996,96.4,47.1,17.5
2006-04-03,38.654904,95.64,47.1,17.5
2006-03-27,38.332239,94.95,47.1,17.5
2006-03-20,36.865962,94.42,47.1,17.5
2006-03-13,35.734961000000006,93.85,47.1,17.5
2006-03-06,34.722836,93.63,47.1,17.5
2006-02-27,36.285533,93.69,47.1,17.5
2006-02-20,36.053721,93.75,47.1,17.5
2006-02-13,34.383096,93.77,47.1,17.5
2006-02-06,35.459056000000004,93.85,47.1,17.5
2006-01-30,37.090938,93.93,47.1,17.5
2006-01-23,38.325056000000004,93.62,47.1,17.5
2006-01-16,38.597244999999994,93.19,47.1,17.5
2006-01-09,35.999744,92.94,47.1,17.5
2006-01-02,36.272228999999996,92.27,47.1,17.5
2005-12-26,35.458135999999996,92.12,47.1,17.5
2005-12-19,33.684895,91.83,47.1,17.5
2005-12-12,32.763258,91.48,47.1,17.5
2005-12-05,33.834483,91.8,47.1,17.5
2005-11-28,34.221708,91.8,47.1,17.5
2005-11-21,34.245543000000005,93.22,47.1,17.5
2005-11-14,32.695936,94.92,47.1,17.5
2005-11-07,33.027973,96.59,47.1,17.5
2005-10-31,34.609354,96.57,47.1,17.5
2005-10-24,34.534202,96.8,47.1,17.5
2005-10-17,34.280202,97.0,47.1,17.5
2005-10-10,35.411002,97.05,47.1,17.5
2005-10-03,35.112752,96.61,47.1,17.5
2005-09-26,37.551455999999995,96.27,47.1,17.5
2005-09-19,36.087618,97.32,47.1,17.5
2005-09-12,34.8264,97.89,47.1,17.5
2005-09-05,34.833887999999995,97.19,47.1,17.5
2005-08-29,36.683753,95.33,47.1,17.5
2005-08-22,36.741828,94.68,47.1,17.5
2005-08-15,36.406484999999996,94.5,47.1,17.5
2005-08-08,36.866604,93.63,47.1,17.5
2005-08-01,35.055606,93.26,47.1,17.5
2005-07-25,34.476444,93.03,47.1,17.5
2005-07-18,33.70029,92.67,47.1,17.5
2005-07-11,33.157772,91.89,47.1,17.5
2005-07-04,34.299176,91.0,47.1,17.5
2005-06-27,33.246624999999995,90.27,47.1,17.5
2005-06-20,32.798304,89.54,47.1,17.5
2005-06-13,31.930467,88.96,47.1,17.5
2005-06-06,29.414876,88.23,47.1,17.5
2005-05-30,30.321530000000003,88.39,47.1,17.5
2005-05-23,28.408615000000005,89.0,47.1,17.5
2005-05-16,25.61364,89.4,47.1,17.5
2005-05-09,26.325603000000005,89.46,47.1,17.5
2005-05-02,26.845728,89.3,47.1,17.5
2005-04-25,26.05328,89.62,47.1,17.5
2005-04-18,28.91358,89.8,47.1,17.5
2005-04-11,26.673867,89.82,47.1,17.5
2005-04-04,28.275596,88.3,47.1,17.5
2005-03-28,30.444732,87.68,47.1,17.5
2005-03-21,29.328432000000006,87.06,47.1,17.5
2005-03-14,29.522759999999998,86.11,47.1,17.5
2005-03-07,28.270941999999998,85.64,47.1,17.5
2005-02-28,27.960222,84.65,47.1,17.5
2005-02-21,26.836588000000003,84.36,47.1,17.5
2005-02-14,25.519130000000004,84.32,47.1,17.5
2005-02-07,25.254179999999998,84.27,47.1,17.5
2005-01-31,24.783136,84.23,47.1,17.5
2005-01-24,24.986527999999996,83.87,47.1,17.5
2005-01-17,25.837372,83.94,47.1,17.5
2005-01-10,25.863948,84.87,47.1,17.5
2005-01-03,24.295964,85.12,47.1,17.5
2004-12-27,22.646140000000003,85.14,47.1,17.5
2004-12-20,22.964764000000002,85.17,47.1,17.5
2004-12-13,23.834200000000003,85.98,47.1,17.5
2004-12-06,21.258762,86.4,47.1,17.5
2004-11-29,21.886829999999996,86.36,47.1,17.5
2004-11-22,26.099376,85.17,47.1,17.5
2004-11-15,26.080095999999998,86.42,47.1,17.5
2004-11-08,25.486552,86.54,47.1,17.5
2004-11-01,26.739790000000003,86.42,47.1,17.5
2004-10-25,28.15744,86.03,47.1,17.5
2004-10-18,30.166956,85.34,47.1,17.5
2004-10-11,30.447699,85.01,47.1,17.5
2004-10-04,29.709663000000003,83.84,47.1,17.5
2004-09-27,27.851684,83.46,47.1,17.5
2004-09-20,27.084408000000003,83.03,47.1,17.5
2004-09-13,25.430102,82.91,47.1,17.5
2004-09-06,23.810922,82.92,47.1,17.5
2004-08-23,24.107394,82.82,47.1,17.5
2004-08-16,26.29907,82.33,47.1,17.5
2004-08-09,25.19978,82.14,47.1,17.5
2004-08-02,23.886825,81.79,47.1,17.5
2004-07-26,24.06372,81.7,47.1,17.5
2004-07-19,22.756975999999998,81.68,47.1,17.5
2004-07-12,22.031625000000002,81.05,47.1,17.5
2004-07-05,21.486492,80.51,47.1,17.5
2004-06-28,20.964779,81.04,47.1,17.5
2004-06-21,20.554869999999998,82.09,47.1,17.5
2004-06-14,21.083875000000003,82.6,47.1,17.5
2004-06-07,21.159035000000003,83.65,47.1,17.5
2004-05-31,20.927013,83.61,47.1,17.5
2004-05-24,21.762516,83.48,47.1,17.5
2004-05-17,22.324863,82.83,47.1,17.5
2004-05-10,23.532806,81.68,47.1,17.5
2004-04-26,21.007560000000005,79.75,47.1,17.5
2004-04-19,20.588962,79.43,47.1,17.5
2004-04-12,21.00231,79.27,47.1,17.5
2004-04-05,20.285868,79.23,47.1,17.5
2004-03-29,18.776940000000003,79.01,47.1,17.5
2004-03-22,19.676510999999998,78.92,47.1,17.5
2004-03-15,20.780255999999998,78.8,47.1,17.5
2004-03-08,20.067355,78.25,47.1,17.5
2004-03-01,20.180016,77.87,47.1,17.5
2004-02-23,19.356447999999997,77.93,47.1,17.5
2004-02-16,19.13856,78.0,47.1,17.5
2004-02-09,18.327168,77.98,47.1,17.5
2004-02-02,17.581424,78.13,47.1,17.5
2004-01-26,18.118009999999998,78.08,47.1,17.5
2004-01-19,19.129649999999998,78.06,47.1,17.5
2004-01-12,19.481385,77.54,47.1,17.5
2004-01-05,18.554848,77.54,47.1,17.5
2003-12-29,18.133152000000003,77.6,47.1,17.5
2003-12-22,18.54947,77.61,47.1,17.5
2003-12-15,18.68932,77.62,47.1,17.5
2003-12-08,18.915399999999998,77.63,47.1,17.5
2003-12-01,17.777305000000002,77.66,47.1,17.5
2003-11-24,17.653005,77.67,47.1,17.5
2003-11-17,18.561392,77.52,47.1,17.5
2003-11-10,19.182461999999997,77.47,47.1,17.5
2003-11-03,18.42362,77.52,47.1,17.5
2003-10-27,17.171989,77.51,47.1,17.5
2003-10-20,17.788368,77.54,47.1,17.5
2003-10-13,18.276076,77.43,47.1,17.5
2003-10-06,19.204379,77.66,47.1,17.5
2003-09-29,18.2704,77.53,45.82,17.5
2003-09-22,16.974848,77.55,45.82,17.5
2003-09-15,16.520736,77.63,45.82,17.5
2003-09-08,17.637653,77.67,45.82,17.5
2003-09-01,18.182848,77.59,45.82,17.5
2003-08-18,20.2184,77.44,45.82,17.5
2003-08-11,19.44351,77.08,45.82,17.5
2003-08-04,20.061011999999998,76.81,45.82,17.5
2003-07-28,20.058048000000003,76.86,45.82,17.5
2003-07-21,18.626958,76.9,45.82,17.5
2003-07-14,20.083664,76.41,45.82,17.5
2003-07-07,19.180896,76.46,45.82,17.5
2003-06-30,18.242874,76.51,45.82,17.5
2003-06-23,17.746401,76.62,45.82,17.5
2003-06-16,18.519738,76.69,45.82,17.5
2003-06-09,18.319505,76.77,45.82,17.5
