,Date,Barrel_oil_Â£,Diesel(pence/litre),Petrol(pence/litre),Dutyrate,vat
0,2022-06-27,89.04961800000001,198.93,190.93,52.95,20.0
1,2022-06-20,87.742586,194.87,186.85,52.95,20.0
2,2022-06-13,89.609124,190.43,182.53,52.95,20.0
3,2022-06-06,97.959906,184.94,174.99,52.95,20.0
4,2022-05-30,95.155435,182.25,170.36,52.95,20.0
5,2022-05-23,91.181468,181.16,167.59,52.95,20.0
6,2022-05-16,90.651938,179.67,165.09,52.95,20.0
7,2022-05-09,90.082497,178.39,163.68,52.95,20.0
8,2022-05-02,88.946631,177.06,162.48,52.95,20.0
9,2022-04-25,83.249488,176.33,161.84,52.95,20.0
10,2022-04-18,79.492116,175.93,161.67,52.95,20.0
11,2022-04-11,81.88092,176.22,161.78,52.95,20.0
12,2022-04-04,75.38507200000001,176.0,161.91,52.95,20.0
13,2022-03-28,75.683448,176.44,162.65,52.95,20.0
14,2022-03-21,86.40454000000001,177.47,165.37,57.95,20.0
15,2022-03-14,79.43589,169.48,159.96,57.95,20.0
16,2022-03-07,83.845177,158.56,152.95,57.95,20.0
17,2022-02-28,87.44251200000001,153.36,149.22,57.95,20.0
18,2022-02-21,68.307822,151.95,147.77,57.95,20.0
19,2022-02-14,66.991092,151.1,146.95,57.95,20.0
20,2022-02-07,68.63332,150.3,146.33,57.95,20.0
21,2022-01-31,68.21709,149.68,145.74,57.95,20.0
22,2022-01-24,64.75903799999999,148.81,144.87,57.95,20.0
23,2022-01-17,62.799264,148.7,144.8,57.95,20.0
24,2022-01-10,61.28918399999999,148.65,144.82,57.95,20.0
25,2022-01-03,58.046730000000004,148.85,145.04,57.95,20.0
26,2021-12-27,55.572669,148.82,144.92,57.95,20.0
27,2021-12-20,55.11375100000001,148.89,145.16,57.95,20.0
28,2021-12-13,53.513472,149.88,146.22,57.95,20.0
29,2021-12-06,53.989011,150.61,146.89,57.95,20.0
30,2021-11-29,50.06605600000001,151.31,147.53,57.95,20.0
31,2021-11-22,51.085240000000006,150.73,146.89,57.95,20.0
32,2021-11-15,56.55752,149.76,145.87,57.95,20.0
33,2021-11-08,60.212787,148.84,144.9,57.95,20.0
34,2021-11-01,60.196689,147.48,143.7,57.95,20.0
35,2021-10-25,61.02281399999999,145.9,141.81,57.95,20.0
36,2021-10-18,60.89352,143.19,139.46,57.95,20.0
37,2021-10-11,59.825787999999996,140.66,137.17,57.95,20.0
38,2021-10-04,58.282575,139.2,136.1,57.95,20.0
39,2021-09-27,56.007028,137.95,135.19,57.95,20.0
40,2021-09-20,54.094176,137.35,134.86,57.95,20.0
41,2021-09-13,52.358175,137.19,134.75,57.95,20.0
42,2021-09-06,50.365728000000004,137.19,134.76,57.95,20.0
43,2021-08-30,49.965019000000005,137.11,134.66,57.95,20.0
44,2021-08-23,49.953357999999994,137.15,134.68,57.95,20.0
45,2021-08-16,45.74288,136.77,134.77,57.95,20.0
46,2021-08-09,49.352084,137.31,134.7,57.95,20.0
47,2021-08-02,49.209396,136.89,134.21,57.95,20.0
48,2021-07-26,53.18484,136.2,133.48,57.95,20.0
49,2021-07-19,52.430924999999995,135.95,133.2,57.95,20.0
50,2021-07-12,52.148422,135.29,132.47,57.95,20.0
51,2021-07-05,53.63100800000001,134.13,131.7,57.95,20.0
52,2021-06-28,54.333164,134.27,130.73,57.95,20.0
53,2021-06-21,53.353025,133.69,130.1,57.95,20.0
54,2021-06-14,51.86736,133.17,129.47,57.95,20.0
55,2021-06-07,50.261008,132.38,128.69,57.95,20.0
56,2021-05-31,49.17260600000001,131.82,128.15,57.95,20.0
57,2021-05-24,46.73570399999999,131.52,127.89,57.95,20.0
58,2021-05-17,44.931986,131.03,127.19,57.95,20.0
59,2021-05-10,46.36040400000001,130.43,126.53,57.95,20.0
60,2021-05-03,46.435950000000005,130.0,126.09,57.95,20.0
61,2021-04-26,46.012845999999996,129.77,125.8,57.95,20.0
62,2021-04-19,44.778084,129.49,125.48,57.95,20.0
63,2021-04-12,45.636677,129.39,125.4,57.95,20.0
64,2021-04-05,43.262076,129.35,125.24,57.95,20.0
65,2021-03-29,44.41606,129.32,125.13,57.95,20.0
66,2021-03-22,44.215444,129.02,124.57,57.95,20.0
67,2021-03-15,44.271536,128.24,123.9,57.95,20.0
68,2021-03-08,47.10798,127.4,122.94,57.95,20.0
69,2021-03-01,47.736807000000006,126.62,122.17,57.95,20.0
70,2021-02-22,44.132400000000004,125.71,121.27,57.95,20.0
71,2021-02-15,42.261816,125.01,120.53,57.95,20.0
72,2021-02-08,42.955181,124.09,119.67,57.95,20.0
73,2021-02-01,41.3868,123.7,119.14,57.95,20.0
74,2021-01-25,38.09556,122.7,118.1,57.95,20.0
75,2021-01-18,38.188462,121.52,116.93,57.95,20.0
76,2021-01-11,38.526488,120.61,116.14,57.95,20.0
77,2021-01-04,38.506104,119.97,115.39,57.95,20.0
78,2020-12-28,35.482676,119.65,114.91,57.95,20.0
79,2020-12-21,35.588916999999995,119.17,114.43,57.95,20.0
80,2020-12-14,36.304539999999996,118.57,113.82,57.95,20.0
81,2020-12-07,35.206920000000004,117.99,113.17,57.95,20.0
82,2020-11-30,34.412814,117.41,112.61,57.95,20.0
83,2020-11-23,34.188477,117.13,112.42,57.95,20.0
84,2020-11-16,31.726305,117.07,112.35,57.95,20.0
85,2020-11-09,30.426566,117.28,112.5,57.95,20.0
86,2020-11-02,28.222686,118.06,113.11,57.95,20.0
87,2020-10-26,27.647775,118.08,113.14,57.95,20.0
88,2020-10-19,30.54901,118.08,113.18,57.95,20.0
89,2020-10-12,31.645208000000004,118.05,113.19,57.95,20.0
90,2020-10-05,31.11178,118.11,113.26,57.95,20.0
91,2020-09-28,28.628535,118.14,113.3,57.95,20.0
92,2020-09-21,31.568075,118.16,113.31,57.95,20.0
93,2020-09-14,31.823251,118.18,113.32,57.95,20.0
94,2020-09-07,29.169662,118.22,113.37,57.95,20.0
95,2020-08-31,29.938856000000005,118.18,113.29,57.95,20.0
96,2020-08-24,32.175936,118.14,113.22,57.95,20.0
97,2020-08-17,32.33929200000001,118.0,113.04,57.95,20.0
98,2020-08-10,32.099841,118.01,113.02,57.95,20.0
99,2020-08-03,31.57452,117.97,112.91,57.95,20.0
100,2020-07-27,30.770307000000003,117.76,112.66,57.95,20.0
101,2020-07-20,32.276393,117.35,112.23,57.95,20.0
102,2020-07-13,32.297463,116.75,111.24,57.95,20.0
103,2020-07-06,32.123709999999996,115.05,109.43,57.95,20.0
104,2020-06-29,32.556585,114.1,108.31,57.95,20.0
105,2020-06-22,31.203843,112.98,107.13,57.95,20.0
106,2020-06-15,32.1657,112.53,106.37,57.95,20.0
107,2020-06-08,28.910097999999998,111.98,105.74,57.95,20.0
108,2020-06-01,31.228679999999997,111.76,105.17,57.95,20.0
109,2020-05-25,28.743351,111.7,104.87,57.95,20.0
110,2020-05-18,27.31155,112.22,105.09,57.95,20.0
111,2020-05-11,24.309179999999998,114.83,107.45,57.95,20.0
112,2020-05-04,19.937965999999996,114.94,107.56,57.95,20.0
113,2020-04-27,15.818066,115.22,107.88,57.95,20.0
114,2020-04-20,13.694296000000001,115.73,108.63,57.95,20.0
115,2020-04-13,14.616,116.15,109.27,57.95,20.0
116,2020-04-06,18.276280000000003,116.83,110.23,57.95,20.0
117,2020-03-30,23.114104,118.6,112.45,57.95,20.0
118,2020-03-23,17.266077,123.41,119.64,57.95,20.0
119,2020-03-16,19.265127,124.36,120.33,57.95,20.0
120,2020-03-09,25.840912,126.25,122.24,57.95,20.0
121,2020-03-02,31.632864,126.62,122.43,57.95,20.0
122,2020-02-24,34.9128,127.67,123.45,57.95,20.0
123,2020-02-17,41.15598,128.2,123.8,57.95,20.0
124,2020-02-10,39.891119999999994,129.7,124.73,57.95,20.0
125,2020-02-03,39.028192,131.48,125.85,57.95,20.0
126,2020-01-27,39.0567,132.88,127.33,57.95,20.0
127,2020-01-20,41.439093,132.74,127.18,57.95,20.0
128,2020-01-13,44.999698,132.69,127.17,57.95,20.0
129,2020-01-06,45.206928000000005,131.56,126.09,57.95,20.0
130,2019-12-30,48.176505,130.54,124.96,57.95,20.0
131,2019-12-23,47.197284,129.81,124.16,57.95,20.0
132,2019-12-16,46.47836,129.56,124.33,57.95,20.0
133,2019-12-09,45.076527999999996,129.79,124.75,57.95,20.0
134,2019-12-02,45.06304,129.79,124.81,57.95,20.0
135,2019-11-25,42.657444,130.08,125.32,57.95,20.0
136,2019-11-18,45.020161,130.35,125.58,57.95,20.0
137,2019-11-11,44.744544,130.42,125.59,57.95,20.0
138,2019-11-04,44.818920000000006,130.38,125.56,57.95,20.0
139,2019-10-28,43.44822,130.6,125.77,57.95,20.0
140,2019-10-21,44.189134,131.28,126.4,57.95,20.0
141,2019-10-14,41.459002000000005,131.89,126.91,57.95,20.0
142,2019-10-07,43.24582,131.82,126.87,57.95,20.0
143,2019-09-30,42.818348,131.83,126.92,57.95,20.0
144,2019-09-23,45.493967,131.52,126.78,57.95,20.0
145,2019-09-16,46.553326000000006,131.35,126.92,57.95,20.0
146,2019-09-09,43.874515,131.89,127.79,57.95,20.0
147,2019-09-02,46.018584000000004,132.29,127.86,57.95,20.0
148,2019-08-26,45.31975,132.51,128.22,57.95,20.0
149,2019-08-19,44.116048,132.6,128.17,57.95,20.0
150,2019-08-12,45.15801,132.59,128.36,57.95,20.0
151,2019-08-05,45.3004,132.61,128.37,57.95,20.0
152,2019-07-29,45.791481999999995,132.6,128.03,57.95,20.0
153,2019-07-22,45.38712,132.21,127.81,57.95,20.0
154,2019-07-15,44.498437,131.86,127.13,57.95,20.0
155,2019-07-08,47.885013,131.68,126.86,57.95,20.0
156,2019-07-01,45.921735,131.55,126.49,57.95,20.0
157,2019-06-24,46.056819,131.81,126.66,57.95,20.0
158,2019-06-17,45.071064,133.76,127.66,57.95,20.0
159,2019-06-10,41.703442,135.4,128.89,57.95,20.0
160,2019-06-03,42.392948000000004,136.39,129.41,57.95,20.0
161,2019-05-27,42.3399,136.45,129.14,57.95,20.0
162,2019-05-20,46.118358,135.82,128.51,57.95,20.0
163,2019-05-13,49.335636,135.36,127.97,57.95,20.0
164,2019-05-06,47.428872,135.41,127.5,57.95,20.0
165,2019-04-29,47.018654,134.6,126.36,57.95,20.0
166,2019-04-22,49.00053,133.99,125.43,57.95,20.0
167,2019-04-15,49.2352,132.96,124.06,57.95,20.0
168,2019-04-08,48.831127,132.08,122.75,57.95,20.0
169,2019-04-01,48.38236,131.48,121.7,57.95,20.0
170,2019-03-25,46.145421999999996,131.15,120.83,57.95,20.0
171,2019-03-18,44.69328,130.85,120.48,57.95,20.0
172,2019-03-11,44.012892,130.59,120.1,57.95,20.0
173,2019-03-04,43.067367,130.25,119.72,57.95,20.0
174,2019-02-25,42.25734,129.66,119.22,57.95,20.0
175,2019-02-18,43.866886,129.23,119.05,57.95,20.0
176,2019-02-11,43.12672200000001,129.17,118.97,57.95,20.0
177,2019-02-04,40.715655999999996,129.13,119.13,57.95,20.0
178,2019-01-28,42.246269999999996,129.1,119.29,57.95,20.0
179,2019-01-21,40.675544,128.92,119.12,57.95,20.0
180,2019-01-14,41.78646,129.47,119.53,57.95,20.0
181,2019-01-07,40.147338000000005,130.33,120.27,57.95,20.0
182,2018-12-31,37.701356000000004,130.26,120.18,57.95,20.0
183,2018-12-24,35.67471,130.91,120.61,57.95,20.0
184,2018-12-17,36.093603,131.26,121.02,57.95,20.0
185,2018-12-10,40.68352,132.5,122.37,57.95,20.0
186,2018-12-03,41.330416,134.38,124.3,57.95,20.0
187,2018-11-26,39.924027,135.43,125.77,57.95,20.0
188,2018-11-19,39.347768,136.38,127.4,57.95,20.0
189,2018-11-12,43.976694,137.08,128.94,57.95,20.0
190,2018-11-05,46.382414,137.03,130.11,57.95,20.0
191,2018-10-29,48.674626,136.99,130.64,57.95,20.0
192,2018-10-22,52.666128,136.93,130.98,57.95,20.0
193,2018-10-15,52.8768,136.63,130.81,57.95,20.0
194,2018-10-08,54.225534,135.53,130.15,57.95,20.0
195,2018-10-01,56.64708,134.86,129.98,57.95,20.0
196,2018-09-24,56.21205,134.77,130.59,57.95,20.0
197,2018-09-17,54.125466,134.57,130.59,57.95,20.0
198,2018-09-10,52.798047,134.31,130.24,57.95,20.0
199,2018-09-03,52.431725,133.67,129.76,57.95,20.0
200,2018-08-27,53.83674,133.2,129.18,57.95,20.0
201,2018-08-20,53.46416,132.97,128.79,57.95,20.0
202,2018-08-13,51.686622,132.56,128.39,57.95,20.0
203,2018-08-06,52.967816,132.39,128.02,57.95,20.0
204,2018-07-30,52.655111999999995,131.94,127.54,57.95,20.0
205,2018-07-23,52.389863,131.9,127.5,57.95,20.0
206,2018-07-16,53.64824399999999,131.85,127.47,57.95,20.0
207,2018-07-09,53.655156000000005,131.53,126.97,57.95,20.0
208,2018-07-02,55.549260000000004,130.83,126.54,57.95,20.0
209,2018-06-25,56.138965000000006,131.27,127.18,57.95,20.0
210,2018-06-18,51.681888,131.98,127.92,57.95,20.0
211,2018-06-11,48.970662000000004,132.62,128.61,57.95,20.0
212,2018-06-04,49.015744,132.34,128.43,57.95,20.0
213,2018-05-28,49.298271,131.66,127.58,57.95,20.0
214,2018-05-21,51.00503199999999,130.04,125.93,57.95,20.0
215,2018-05-14,52.904016,128.28,124.32,57.95,20.0
216,2018-05-07,52.19781,126.99,123.27,57.95,20.0
217,2018-04-30,51.516108,126.01,122.22,57.95,20.0
218,2018-04-23,49.42017,125.39,121.44,57.95,20.0
219,2018-04-16,48.823319999999995,124.29,120.56,57.95,20.0
220,2018-04-09,47.321258,123.58,119.96,57.95,20.0
221,2018-04-02,44.037776,123.05,119.43,57.95,20.0
222,2018-03-26,46.328196,122.9,119.23,57.95,20.0
223,2018-03-19,46.616687999999996,122.84,119.17,57.95,20.0
224,2018-03-12,44.722716000000005,122.96,119.11,57.95,20.0
225,2018-03-05,44.799084,122.92,119.29,57.95,20.0
226,2018-02-26,44.3695,123.09,119.55,57.95,20.0
227,2018-02-19,45.495445,124.18,120.52,57.95,20.0
228,2018-02-12,43.922328,125.02,121.58,57.95,20.0
229,2018-02-05,42.783840000000005,125.36,121.73,57.95,20.0
230,2018-01-29,46.345145,125.32,121.69,57.95,20.0
231,2018-01-22,46.674998,125.07,121.5,57.95,20.0
232,2018-01-15,45.746803,124.58,120.96,57.95,20.0
233,2018-01-08,46.83612,123.97,120.52,57.95,20.0
234,2018-01-01,45.275135999999996,123.51,120.19,57.95,20.0
235,2017-12-25,44.704758,123.43,120.0,57.95,20.0
236,2017-12-18,43.753100999999994,123.81,119.98,57.95,20.0
237,2017-12-11,43.01511,123.69,119.91,57.95,20.0
238,2017-12-04,42.836448,123.21,119.75,57.95,20.0
239,2017-11-27,43.314792,123.79,120.13,57.95,20.0
240,2017-11-20,44.20071,123.32,119.67,57.95,20.0
241,2017-11-13,42.79704,122.69,118.91,57.95,20.0
242,2017-11-06,43.014594,121.27,117.57,57.95,20.0
243,2017-10-30,42.553472,120.63,117.06,57.95,20.0
244,2017-10-23,41.05563,120.65,117.04,57.95,20.0
245,2017-10-16,39.024553999999995,120.42,117.01,57.95,20.0
246,2017-10-09,38.726415,120.51,117.16,57.95,20.0
247,2017-10-02,37.721637,120.37,118.13,57.95,20.0
248,2017-09-25,38.566488,120.92,118.87,57.95,20.0
249,2017-09-18,37.544126,120.59,118.85,57.95,20.0
250,2017-09-11,36.704073,119.94,118.14,57.95,20.0
251,2017-09-04,35.975596,118.77,116.95,57.95,20.0
252,2017-08-28,36.517338,118.24,116.4,57.95,20.0
253,2017-08-21,37.142333,118.05,116.04,57.95,20.0
254,2017-08-14,37.672866,117.43,115.53,57.95,20.0
255,2017-08-07,37.51817,116.64,114.78,57.95,20.0
256,2017-07-31,38.032818,115.99,114.16,57.95,20.0
257,2017-07-24,37.844223,115.73,113.99,57.95,20.0
258,2017-07-17,35.220015000000004,115.58,113.89,57.95,20.0
259,2017-07-10,35.537943999999996,115.29,113.58,57.95,20.0
260,2017-07-03,34.309211,115.63,113.74,57.95,20.0
261,2017-06-26,35.344908000000004,116.26,114.43,57.95,20.0
262,2017-06-19,33.818763,117.18,115.12,57.95,20.0
263,2017-06-12,35.017998,117.76,115.69,57.95,20.0
264,2017-06-05,35.958217999999995,117.95,115.82,57.95,20.0
265,2017-05-29,36.984159999999996,117.88,115.79,57.95,20.0
266,2017-05-22,38.8938,117.76,115.67,57.95,20.0
267,2017-05-15,38.608143,117.65,115.6,57.95,20.0
268,2017-05-08,37.11427200000001,119.34,117.06,57.95,20.0
269,2017-05-01,35.603266,120.78,118.08,57.95,20.0
270,2017-04-24,38.092625999999996,120.77,118.15,57.95,20.0
271,2017-04-17,38.723448,120.36,117.54,57.95,20.0
272,2017-04-10,42.458912,119.98,117.02,57.95,20.0
273,2017-04-03,42.220368,119.92,116.93,57.95,20.0
274,2017-03-27,40.3029,121.08,118.03,57.95,20.0
275,2017-03-20,38.462346,121.84,118.95,57.95,20.0
276,2017-03-13,39.355703999999996,122.77,119.8,57.95,20.0
277,2017-03-06,39.839384,122.9,120.02,57.95,20.0
278,2017-02-27,43.378622,123.06,120.12,57.95,20.0
279,2017-02-20,43.305379,123.15,120.2,57.95,20.0
280,2017-02-13,43.0137,123.17,120.15,57.95,20.0
281,2017-02-06,43.11493,123.25,120.18,57.95,20.0
282,2017-01-30,43.107063999999994,123.19,120.01,57.95,20.0
283,2017-01-23,42.349905,122.75,119.43,57.95,20.0
284,2017-01-16,42.360602,122.1,118.63,57.95,20.0
285,2017-01-09,43.006244,121.3,117.98,57.95,20.0
286,2017-01-02,43.937062,120.03,117.0,57.95,20.0
287,2016-12-26,43.54006,119.03,115.45,57.95,20.0
288,2016-12-19,43.13177,118.61,115.0,57.95,20.0
289,2016-12-12,41.53038,117.51,114.23,57.95,20.0
290,2016-12-05,40.9528,116.75,113.66,57.95,20.0
291,2016-11-28,40.599807999999996,116.57,113.72,57.95,20.0
292,2016-11-21,36.91709,117.42,114.71,57.95,20.0
293,2016-11-14,37.008900000000004,118.82,116.5,57.95,20.0
294,2016-11-07,34.445834999999995,119.03,116.56,57.95,20.0
295,2016-10-31,35.203116,118.42,116.02,57.95,20.0
296,2016-10-24,39.96322,117.7,115.2,57.95,20.0
297,2016-10-17,41.559705,116.0,113.72,57.95,20.0
298,2016-10-10,41.31721,114.4,112.35,57.95,20.0
299,2016-10-03,40.062183000000005,113.71,111.65,57.95,20.0
300,2016-09-26,37.173744,113.38,111.36,57.95,20.0
301,2016-09-19,34.285184,113.23,111.29,57.95,20.0
302,2016-09-12,33.098676,113.42,111.31,57.95,20.0
303,2016-09-05,34.584344,113.1,110.97,57.95,20.0
304,2016-08-29,33.432212,112.55,110.43,57.95,20.0
305,2016-08-22,36.263568,111.71,109.63,57.95,20.0
306,2016-08-15,37.108096,111.02,109.28,57.95,20.0
307,2016-08-08,34.426362000000005,111.4,109.75,57.95,20.0
308,2016-08-01,31.976999999999997,112.43,111.05,57.95,20.0
309,2016-07-25,31.4496,112.89,111.69,57.95,20.0
310,2016-07-18,33.708132,113.0,111.92,57.95,20.0
311,2016-07-11,34.8301,113.09,111.89,57.95,20.0
312,2016-07-04,35.051978999999996,112.86,111.65,57.95,20.0
313,2016-06-27,36.93846,112.56,111.44,57.95,20.0
314,2016-06-20,34.82484,112.31,111.22,57.95,20.0
315,2016-06-13,33.41807,111.99,111.03,57.95,20.0
316,2016-06-06,34.417698,111.43,110.4,57.95,20.0
317,2016-05-30,33.484593999999994,110.7,109.79,57.95,20.0
318,2016-05-23,33.726921,109.9,109.12,57.95,20.0
319,2016-05-16,32.928399999999996,109.3,108.53,57.95,20.0
320,2016-05-09,32.176023,109.0,108.19,57.95,20.0
321,2016-05-02,30.949379999999994,108.58,107.82,57.95,20.0
322,2016-04-25,31.423056000000003,107.67,107.14,57.95,20.0
323,2016-04-18,30.366111999999998,106.97,106.41,57.95,20.0
324,2016-04-11,28.43362,105.98,105.39,57.95,20.0
325,2016-04-04,28.117787999999997,105.32,104.51,57.95,20.0
326,2016-03-28,25.859690999999998,104.4,103.4,57.95,20.0
327,2016-03-21,27.89822,103.64,102.58,57.95,20.0
328,2016-03-14,27.237264,102.52,101.71,57.95,20.0
329,2016-03-07,26.78445,101.67,101.46,57.95,20.0
330,2016-02-29,25.244576000000002,101.38,101.42,57.95,20.0
331,2016-02-22,23.631102000000002,101.13,101.39,57.95,20.0
332,2016-02-15,20.576088000000002,101.21,101.45,57.95,20.0
333,2016-02-08,20.292992,101.14,101.51,57.95,20.0
334,2016-02-01,21.298655,100.84,101.36,57.95,20.0
335,2016-01-25,23.597877999999998,101.54,101.42,57.95,20.0
336,2016-01-18,22.565189999999998,102.81,101.8,57.95,20.0
337,2016-01-11,20.635188000000003,103.41,101.89,57.95,20.0
338,2016-01-04,22.837291999999998,106.32,102.0,57.95,20.0
339,2015-12-28,25.116824,106.43,102.11,57.95,20.0
340,2015-12-21,25.51176,107.04,102.33,57.95,20.0
341,2015-12-14,23.317721999999996,108.07,104.0,57.95,20.0
342,2015-12-07,23.405901999999998,109.92,106.75,57.95,20.0
343,2015-11-30,26.448148999999997,110.01,106.97,57.95,20.0
344,2015-11-23,27.737150000000003,110.27,107.29,57.95,20.0
345,2015-11-16,26.588737000000002,110.32,107.36,57.95,20.0
346,2015-11-09,26.741736,110.08,107.14,57.95,20.0
347,2015-11-02,29.430705,110.14,107.21,57.95,20.0
348,2015-10-26,30.199638000000004,110.61,108.04,57.95,20.0
349,2015-10-19,29.123800000000003,111.17,109.01,57.95,20.0
350,2015-10-12,30.619754,110.78,108.97,57.95,20.0
351,2015-10-05,32.428242,110.57,108.94,57.95,20.0
352,2015-09-28,29.992644,110.45,109.47,57.95,20.0
353,2015-09-21,30.09802,110.52,110.61,57.95,20.0
354,2015-09-14,28.769452,109.95,110.6,57.95,20.0
355,2015-09-07,28.924703,109.78,110.9,57.95,20.0
356,2015-08-31,30.351554999999998,109.92,111.21,57.95,20.0
357,2015-08-24,29.374912,111.05,113.23,57.95,20.0
358,2015-08-17,25.770695000000003,112.05,114.58,57.95,20.0
359,2015-08-10,27.166,114.2,115.48,57.95,20.0
360,2015-08-03,28.309310999999997,115.17,116.12,57.95,20.0
361,2015-07-27,30.161512,116.95,116.44,57.95,20.0
362,2015-07-20,31.031043999999998,118.43,116.79,57.95,20.0
363,2015-07-13,32.605223,118.83,116.41,57.95,20.0
364,2015-07-06,33.969834,120.76,116.34,57.95,20.0
365,2015-06-29,36.560446,120.99,116.55,57.95,20.0
366,2015-06-22,37.859087,121.21,116.6,57.95,20.0
367,2015-06-15,37.530456,121.3,116.39,57.95,20.0
368,2015-06-08,38.542288000000006,121.34,116.26,57.95,20.0
369,2015-06-01,38.724237,121.3,116.13,57.95,20.0
370,2015-05-25,39.4362,121.32,116.02,57.95,20.0
371,2015-05-18,38.555232,121.04,115.74,57.95,20.0
372,2015-05-11,37.96284,120.59,115.1,57.95,20.0
373,2015-05-04,38.42533,120.0,114.27,57.95,20.0
374,2015-04-27,39.06266,119.58,113.55,57.95,20.0
375,2015-04-20,37.627559999999995,119.14,112.87,57.95,20.0
376,2015-04-13,37.256616,119.15,112.52,57.95,20.0
377,2015-04-06,35.29594,119.09,112.37,57.95,20.0
378,2015-03-30,32.933628,118.97,112.06,57.95,20.0
379,2015-03-23,32.850414,118.71,111.65,57.95,20.0
380,2015-03-16,30.577536,118.26,111.04,57.95,20.0
381,2015-03-09,30.410488000000004,117.51,110.07,57.95,20.0
382,2015-03-02,32.99065,116.64,109.2,57.95,20.0
383,2015-02-23,32.239504000000004,115.74,108.34,57.95,20.0
384,2015-02-16,32.685762000000004,114.73,107.26,57.95,20.0
385,2015-02-09,34.275332,113.91,106.35,57.95,20.0
386,2015-02-02,33.903471,113.61,106.04,57.95,20.0
387,2015-01-26,32.012064,113.76,106.32,57.95,20.0
388,2015-01-19,30.413089000000003,114.33,106.83,57.95,20.0
389,2015-01-12,32.140268999999996,116.22,108.87,57.95,20.0
390,2015-01-05,31.898255999999996,117.93,111.06,57.95,20.0
391,2014-12-29,34.374956,120.36,113.16,57.95,20.0
392,2014-12-22,35.180444,120.81,113.66,57.95,20.0
393,2014-12-15,36.155844,122.43,116.3,57.95,20.0
394,2014-12-08,36.772941,124.79,119.83,57.95,20.0
395,2014-12-01,42.249528000000005,126.11,121.18,57.95,20.0
396,2014-11-24,42.269850000000005,127.17,122.29,57.95,20.0
397,2014-11-17,48.874588,127.31,122.5,57.95,20.0
398,2014-11-10,48.388324,127.59,122.94,57.95,20.0
399,2014-11-03,49.5495,128.56,123.94,57.95,20.0
400,2014-10-27,50.345554,129.72,125.11,57.95,20.0
401,2014-10-20,50.34771500000001,130.0,125.4,57.95,20.0
402,2014-10-13,51.412575,131.08,126.5,57.95,20.0
403,2014-10-06,53.380039999999994,131.43,126.78,57.95,20.0
404,2014-09-29,56.21313599999999,133.23,128.59,57.95,20.0
405,2014-09-22,57.57387000000001,133.32,128.62,57.95,20.0
406,2014-09-15,56.730498999999995,133.13,128.43,57.95,20.0
407,2014-09-08,56.718369,133.09,128.34,57.95,20.0
408,2014-09-01,57.140125000000005,132.77,128.01,57.95,20.0
409,2014-08-25,57.8159,133.16,128.34,57.95,20.0
410,2014-08-18,56.51777500000001,133.74,129.29,57.95,20.0
411,2014-08-11,58.302915,133.85,129.41,57.95,20.0
412,2014-08-04,58.209165,134.31,129.63,57.95,20.0
413,2014-07-28,58.18966,135.5,130.83,57.95,20.0
414,2014-07-21,60.141219,135.69,131.04,57.95,20.0
415,2014-07-14,60.351676000000005,136.17,131.11,57.95,20.0
416,2014-07-07,58.874637,136.22,131.1,57.95,20.0
417,2014-06-30,60.635762,136.04,130.69,57.95,20.0
418,2014-06-23,62.069379999999995,135.5,130.14,57.95,20.0
419,2014-06-16,63.047428000000004,135.54,129.88,57.95,20.0
420,2014-06-09,63.023445,136.04,129.69,57.95,20.0
421,2014-06-02,61.092966,136.38,129.63,57.95,20.0
422,2014-05-26,61.307598999999996,136.36,129.51,57.95,20.0
423,2014-05-19,61.973465,136.17,129.42,57.95,20.0
424,2014-05-12,60.671293999999996,136.37,129.5,57.95,20.0
425,2014-05-05,59.344065,136.16,129.27,57.95,20.0
426,2014-04-28,59.137728,135.93,129.09,57.95,20.0
427,2014-04-21,59.85699999999999,136.12,129.11,57.95,20.0
428,2014-04-14,62.058499999999995,136.05,128.89,57.95,20.0
429,2014-04-07,62.005398,136.01,128.71,57.95,20.0
430,2014-03-31,60.997533999999995,135.89,128.76,57.95,20.0
431,2014-03-24,61.10367,136.0,128.57,57.95,20.0
432,2014-03-17,60.332436,136.27,128.76,57.95,20.0
433,2014-03-10,59.413112,137.08,129.39,57.95,20.0
434,2014-03-03,61.363355999999996,137.15,129.36,57.95,20.0
435,2014-02-24,61.266748,136.95,129.2,57.95,20.0
436,2014-02-17,61.50396,136.81,129.16,57.95,20.0
437,2014-02-10,59.889129999999994,136.84,128.81,57.95,20.0
438,2014-02-03,60.856883999999994,136.84,128.85,57.95,20.0
439,2014-01-27,59.322665,136.94,129.02,57.95,20.0
440,2014-01-20,58.631488000000004,137.23,129.37,57.95,20.0
441,2014-01-13,57.461893,138.34,130.36,57.95,20.0
442,2014-01-06,56.253224,138.11,130.26,57.95,20.0
443,2013-12-30,57.231035999999996,137.98,130.03,57.95,20.0
444,2013-12-23,60.874176,138.17,130.05,57.95,20.0
445,2013-12-16,60.80370399999999,138.84,130.96,57.95,20.0
446,2013-12-09,59.27376,138.55,130.76,57.95,20.0
447,2013-12-02,59.72274000000001,137.9,130.25,57.95,20.0
448,2013-11-25,56.65192,137.72,130.03,57.95,20.0
449,2013-11-18,58.449892,137.47,129.89,57.95,20.0
450,2013-11-11,58.208952,137.32,129.71,57.95,20.0
451,2013-11-04,59.05877999999999,137.51,129.92,57.95,20.0
452,2013-10-28,59.405619,138.88,131.42,57.95,20.0
453,2013-10-21,60.53001,138.99,131.53,57.95,20.0
454,2013-10-14,62.35098500000001,139.15,131.67,57.95,20.0
455,2013-10-07,63.946136,138.83,131.62,57.95,20.0
456,2013-09-30,64.868848,140.19,133.4,57.95,20.0
457,2013-09-23,63.73825200000001,142.09,136.95,57.95,20.0
458,2013-09-16,65.404064,142.52,137.47,57.95,20.0
459,2013-09-09,68.161479,142.67,137.6,57.95,20.0
460,2013-09-02,70.717094,142.09,137.14,57.95,20.0
461,2013-08-19,68.353566,141.73,137.0,57.95,20.0
462,2013-08-12,68.752908,141.82,137.13,57.95,20.0
463,2013-08-05,68.371844,141.67,137.02,57.95,20.0
464,2013-07-29,69.949454,141.44,136.87,57.95,20.0
465,2013-07-22,68.06547,140.72,136.04,57.95,20.0
466,2013-07-15,70.77275,139.84,134.95,57.95,20.0
467,2013-07-08,70.12830500000001,138.73,133.77,57.95,20.0
468,2013-07-01,69.322552,138.51,133.44,57.95,20.0
469,2013-06-24,63.468888,139.64,134.52,57.95,20.0
470,2013-06-17,60.76733399999999,139.54,134.46,57.95,20.0
471,2013-06-10,62.31088,139.43,134.3,57.95,20.0
472,2013-06-03,61.728084,139.17,134.04,57.95,20.0
473,2013-05-27,60.51626,138.82,133.64,57.95,20.0
474,2013-05-20,62.242565000000006,138.42,133.17,57.95,20.0
475,2013-05-13,63.296383999999996,138.27,133.12,57.95,20.0
476,2013-05-06,62.51243600000001,138.54,133.42,57.95,20.0
477,2013-04-29,61.391181,139.59,134.66,57.95,20.0
478,2013-04-22,60.0873,140.64,135.68,57.95,20.0
479,2013-04-15,57.787366,141.67,137.11,57.95,20.0
480,2013-04-08,59.51195100000001,143.13,137.31,57.95,20.0
481,2013-04-01,60.440400000000004,143.51,137.3,57.95,20.0
482,2013-03-25,63.938448,144.33,137.09,57.95,20.0
483,2013-03-18,61.52061499999999,144.84,137.58,57.95,20.0
484,2013-03-11,61.82652,146.71,140.0,57.95,20.0
485,2013-03-04,61.634085000000006,146.34,139.47,57.95,20.0
486,2013-02-25,60.329404000000004,145.55,138.5,57.95,20.0
487,2013-02-18,61.083967,144.17,136.86,57.95,20.0
488,2013-02-11,61.762598,143.03,135.56,57.95,20.0
489,2013-02-04,60.600332,141.91,134.38,57.95,20.0
490,2013-01-28,62.259936,140.77,132.95,57.95,20.0
491,2013-01-21,60.69204,139.95,132.21,57.95,20.0
492,2013-01-14,60.2028,139.68,132.0,57.95,20.0
493,2013-01-07,58.016556,139.75,131.86,57.95,20.0
494,2012-12-31,57.929907,139.81,131.92,57.95,20.0
495,2012-12-24,56.15071999999999,139.84,131.95,57.95,20.0
496,2012-12-17,54.827344,140.08,131.98,57.95,20.0
497,2012-12-10,53.668524000000005,140.76,132.55,57.95,20.0
498,2012-12-03,53.57735500000001,140.91,133.05,57.95,20.0
499,2012-11-26,55.488730999999994,141.13,134.38,57.95,20.0
500,2012-11-19,55.077892,141.33,134.56,57.95,20.0
501,2012-11-12,54.550098,141.74,135.09,57.95,20.0
502,2012-11-05,54.13802999999999,142.75,136.43,57.95,20.0
503,2012-10-29,52.961126,143.0,136.98,57.95,20.0
504,2012-10-22,53.562624,143.23,138.29,57.95,20.0
505,2012-10-15,56.26324,143.23,138.35,57.95,20.0
506,2012-10-08,57.155291999999996,143.05,138.24,57.95,20.0
507,2012-10-01,55.716612,143.28,138.43,57.95,20.0
508,2012-09-24,57.028734,144.36,139.54,57.95,20.0
509,2012-09-17,57.229529,144.18,139.42,57.95,20.0
510,2012-09-10,61.0533,143.66,138.91,57.95,20.0
511,2012-09-03,60.243216000000004,142.87,138.03,57.95,20.0
512,2012-08-27,60.795393999999995,142.17,137.1,57.95,20.0
513,2012-08-20,60.82449000000001,140.79,135.72,57.95,20.0
514,2012-08-13,61.167971,139.46,134.27,57.95,20.0
515,2012-08-06,59.195338,138.79,133.39,57.95,20.0
516,2012-07-30,58.42288,138.25,132.78,57.95,20.0
517,2012-07-23,57.232549999999996,137.72,132.21,57.95,20.0
518,2012-07-16,58.539888,136.85,131.49,57.95,20.0
519,2012-07-09,55.92691,136.44,131.06,57.95,20.0
520,2012-07-02,54.52092,135.91,130.5,57.95,20.0
521,2012-06-25,54.085536,137.2,131.55,57.95,20.0
522,2012-06-18,51.158064,137.71,131.99,57.95,20.0
523,2012-06-11,53.459886,139.58,133.67,57.95,20.0
524,2012-06-04,54.34542,139.96,134.06,57.95,20.0
525,2012-05-28,54.174407,140.49,134.37,57.95,20.0
526,2012-05-21,58.014109999999995,141.75,135.77,57.95,20.0
527,2012-05-14,57.833656,144.52,138.29,57.95,20.0
528,2012-05-07,59.812085999999994,146.4,140.14,57.95,20.0
529,2012-04-30,60.965309999999995,147.05,141.0,57.95,20.0
530,2012-04-23,64.500471,147.96,141.76,57.95,20.0
531,2012-04-16,63.901304999999994,148.04,142.17,57.95,20.0
532,2012-04-09,64.88573,148.0,141.97,57.95,20.0
533,2012-04-02,65.023314,147.68,140.99,57.95,20.0
534,2012-03-26,64.33599000000001,146.56,139.48,57.95,20.0
535,2012-03-19,67.349474,146.16,138.96,57.95,20.0
536,2012-03-12,67.565566,145.15,137.9,57.95,20.0
537,2012-03-05,68.52120000000001,144.71,137.3,57.95,20.0
538,2012-02-27,67.39172,143.92,136.21,57.95,20.0
539,2012-02-20,69.10021499999999,143.15,135.21,57.95,20.0
540,2012-02-13,65.19605999999999,142.83,134.9,57.95,20.0
541,2012-02-06,62.675184,142.24,134.25,57.95,20.0
542,2012-01-30,61.844664,142.45,134.1,57.95,20.0
543,2012-01-23,63.280336000000005,142.06,133.72,57.95,20.0
544,2012-01-16,63.23101199999999,141.69,133.29,57.95,20.0
545,2012-01-09,64.40174999999999,141.0,132.68,57.95,20.0
546,2012-01-02,65.821036,140.84,132.4,57.95,20.0
547,2011-12-26,63.606987999999994,140.77,132.41,57.95,20.0
548,2011-12-19,63.904848,140.93,132.49,57.95,20.0
549,2011-12-12,60.252026,140.95,132.53,57.95,20.0
550,2011-12-05,63.47328499999999,140.99,132.78,57.95,20.0
551,2011-11-28,64.705264,141.1,133.17,57.95,20.0
552,2011-11-21,62.639221,141.06,133.38,57.95,20.0
553,2011-11-14,61.670271,140.53,133.68,57.95,20.0
554,2011-11-07,61.581678999999994,140.42,134.41,57.95,20.0
555,2011-10-31,58.79938800000001,140.27,134.73,57.95,20.0
556,2011-10-24,57.88639599999999,140.19,134.66,57.95,20.0
557,2011-10-17,54.782320000000006,139.73,134.49,57.95,20.0
558,2011-10-10,54.866279999999996,139.52,134.47,57.95,20.0
559,2011-10-03,53.322948,139.77,135.02,57.95,20.0
560,2011-09-26,50.82264000000001,140.14,135.65,57.95,20.0
561,2011-09-19,51.62302499999999,139.86,135.4,57.95,20.0
562,2011-09-12,55.713863999999994,139.4,135.0,57.95,20.0
563,2011-09-05,54.926304,138.96,134.62,57.95,20.0
564,2011-08-29,53.30507000000001,138.72,134.32,57.95,20.0
565,2011-08-22,52.143996,139.04,134.56,57.95,20.0
566,2011-08-15,49.964724000000004,140.36,135.95,57.95,20.0
567,2011-08-08,52.448933999999994,140.84,136.46,57.95,20.0
568,2011-08-01,52.99679999999999,140.55,136.07,57.95,20.0
569,2011-07-25,58.2813,139.95,135.66,57.95,20.0
570,2011-07-18,61.260258,139.36,134.97,57.95,20.0
571,2011-07-11,60.259628,138.4,134.18,57.95,20.0
572,2011-07-04,59.903740000000006,137.7,133.43,57.95,20.0
573,2011-06-27,59.052679999999995,138.77,134.86,57.95,20.0
574,2011-06-20,57.11173999999999,140.05,136.03,57.95,20.0
575,2011-06-13,57.424374,139.77,135.86,57.95,20.0
576,2011-06-06,61.152711000000004,139.58,135.62,57.95,20.0
577,2011-05-30,61.003914,139.81,135.57,57.95,20.0
578,2011-05-23,60.937422000000005,140.77,136.11,57.95,20.0
579,2011-05-16,61.30573799999999,141.5,136.4,57.95,20.0
580,2011-05-09,61.513945,143.06,137.05,57.95,20.0
581,2011-05-02,59.367262000000004,142.53,136.29,57.95,20.0
582,2011-04-25,68.209891,142.11,135.62,57.95,20.0
583,2011-04-18,68.014053,141.34,135.06,57.95,20.0
584,2011-04-11,67.188682,140.33,133.68,57.95,20.0
585,2011-04-04,68.835737,139.46,132.81,57.95,20.0
586,2011-03-28,66.987564,139.04,132.44,57.95,20.0
587,2011-03-21,65.71690000000001,139.53,133.11,58.95,20.0
588,2011-03-14,62.249013,138.25,132.18,58.95,20.0
589,2011-03-07,62.911404,136.9,131.28,58.95,20.0
590,2011-02-28,64.155648,135.06,129.72,58.95,20.0
591,2011-02-21,60.724751999999995,134.04,128.92,58.95,20.0
592,2011-02-14,53.06472000000001,133.71,128.73,58.95,20.0
593,2011-02-07,53.461826,133.47,128.64,58.95,20.0
594,2011-01-31,55.278727,133.25,128.55,58.95,20.0
595,2011-01-24,56.319936,133.0,128.35,58.95,20.0
596,2011-01-17,55.667017,132.33,127.87,58.95,20.0
597,2011-01-10,57.706816,131.6,127.4,58.95,20.0
598,2011-01-03,56.585684,129.11,124.85,58.95,17.5
599,2010-12-27,58.57458,127.68,123.44,58.19,17.5
600,2010-12-20,59.261876,126.52,122.31,58.19,17.5
601,2010-12-13,56.667276,125.77,121.68,58.19,17.5
602,2010-12-06,55.500838,124.62,120.54,58.19,17.5
603,2010-11-29,56.528622,123.2,119.21,58.19,17.5
604,2010-11-22,53.715288,122.74,118.99,58.19,17.5
605,2010-11-15,50.992656000000004,122.51,118.8,58.19,17.5
606,2010-11-08,52.608624,122.19,118.67,58.19,17.5
607,2010-11-01,53.681985,121.66,118.18,58.19,17.5
608,2010-10-25,50.763462,121.17,117.74,58.19,17.5
609,2010-10-18,52.077374999999996,120.6,117.28,58.19,17.5
610,2010-10-11,50.805625,119.77,116.78,58.19,17.5
611,2010-10-04,51.769957999999995,118.97,116.01,58.19,17.5
612,2010-09-27,51.574875999999996,118.11,115.39,57.19,17.5
613,2010-09-20,48.349329,117.72,115.06,57.19,17.5
614,2010-09-13,47.135034,117.17,114.66,57.19,17.5
615,2010-09-06,49.79953,117.09,114.59,57.19,17.5
616,2010-08-30,48.288579999999996,117.37,114.98,57.19,17.5
617,2010-08-23,48.424514,117.9,115.64,57.19,17.5
618,2010-08-16,47.293548,118.79,116.34,57.19,17.5
619,2010-08-09,48.332529,118.94,116.35,57.19,17.5
620,2010-08-02,50.606970000000004,119.03,116.51,57.19,17.5
621,2010-07-26,50.338519999999995,119.03,116.61,57.19,17.5
622,2010-07-19,51.163244000000006,119.24,116.85,57.19,17.5
623,2010-07-12,49.71054000000001,119.78,117.39,57.19,17.5
624,2010-07-05,50.508542,120.44,117.91,57.19,17.5
625,2010-06-28,47.453692000000004,120.38,117.88,57.19,17.5
626,2010-06-21,52.34726799999999,120.39,117.8,57.19,17.5
627,2010-06-14,52.050192,120.21,117.87,57.19,17.5
628,2010-06-07,50.72375,120.4,118.2,57.19,17.5
629,2010-05-31,49.449165,120.76,118.54,57.19,17.5
630,2010-05-24,51.135461,121.92,119.93,57.19,17.5
631,2010-05-17,48.404644000000005,122.83,121.3,57.19,17.5
632,2010-05-10,49.253358,122.82,121.31,57.19,17.5
633,2010-05-03,50.736805,122.68,121.18,57.19,17.5
634,2010-04-26,56.41963500000001,122.31,120.99,57.19,17.5
635,2010-04-19,55.345024,121.74,120.55,57.19,17.5
636,2010-04-12,54.18924,121.11,119.94,57.19,17.5
637,2010-04-05,55.231968,120.09,119.29,57.19,17.5
638,2010-03-29,55.802025,118.21,117.28,56.19,17.5
639,2010-03-22,53.68000000000001,117.28,116.59,56.19,17.5
640,2010-03-15,53.740948,116.21,115.46,56.19,17.5
641,2010-03-08,53.488415999999994,114.68,113.71,56.19,17.5
642,2010-03-01,53.847049999999996,113.41,112.42,56.19,17.5
643,2010-02-22,52.241028,112.76,111.56,56.19,17.5
644,2010-02-15,51.581203,113.68,111.89,56.19,17.5
645,2010-02-08,47.25046199999999,113.79,111.95,56.19,17.5
646,2010-02-01,45.518885999999995,113.75,111.91,56.19,17.5
647,2010-01-25,45.548961,113.71,111.87,56.19,17.5
648,2010-01-18,46.274432000000004,113.39,111.6,56.19,17.5
649,2010-01-11,47.9622,112.59,110.72,56.19,17.5
650,2010-01-04,51.627725,111.08,109.34,56.19,17.5
651,2009-12-28,49.076223999999996,109.17,107.44,56.19,15.0
652,2009-12-21,48.890519999999995,109.13,107.47,56.19,15.0
653,2009-12-14,45.424512,109.57,108.5,56.19,15.0
654,2009-12-07,42.991011,109.87,108.64,56.19,15.0
655,2009-11-30,45.878213,109.99,108.79,56.19,15.0
656,2009-11-23,46.17755999999999,109.87,108.73,56.19,15.0
657,2009-11-16,46.476976,109.65,108.48,56.19,15.0
658,2009-11-09,45.74128499999999,109.35,108.1,56.19,15.0
659,2009-11-02,46.581888000000006,108.51,107.43,56.19,15.0
660,2009-10-26,46.831399999999995,107.78,106.76,56.19,15.0
661,2009-10-19,49.3626,106.28,105.08,56.19,15.0
662,2009-10-12,48.013242000000005,105.69,104.71,56.19,15.0
663,2009-10-05,45.322754999999994,105.85,104.87,56.19,15.0
664,2009-09-28,43.879635,106.39,105.44,56.19,15.0
665,2009-09-21,41.381336,106.79,105.96,56.19,15.0
666,2009-09-14,44.27578400000001,107.09,106.43,56.19,15.0
667,2009-09-07,41.580929000000005,107.3,106.85,56.19,15.0
668,2009-08-31,41.4922,105.5,105.11,54.19,15.0
669,2009-08-24,44.713277999999995,105.11,104.7,54.19,15.0
670,2009-08-17,44.762562,104.45,103.96,54.19,15.0
671,2009-08-10,40.816546,103.79,103.01,54.19,15.0
672,2009-08-03,42.51544200000001,103.2,102.36,54.19,15.0
673,2009-07-27,41.538045,102.91,102.17,54.19,15.0
674,2009-07-20,41.41523,102.99,102.22,54.19,15.0
675,2009-07-13,38.917788,104.04,102.78,54.19,15.0
676,2009-07-06,36.970096999999996,105.11,103.57,54.19,15.0
677,2009-06-29,40.83876,105.05,103.3,54.19,15.0
678,2009-06-22,41.85563199999999,104.92,102.81,54.19,15.0
679,2009-06-15,42.13339,104.5,101.98,54.19,15.0
680,2009-06-08,43.807524,103.78,100.59,54.19,15.0
681,2009-06-01,42.829752,103.55,99.39,54.19,15.0
682,2009-05-25,40.972949,103.55,98.9,54.19,15.0
683,2009-05-18,38.697925,103.37,97.54,54.19,15.0
684,2009-05-11,37.15623,103.1,96.59,54.19,15.0
685,2009-05-04,38.455417000000004,102.8,95.6,54.19,15.0
686,2009-04-27,35.659960000000005,102.83,95.13,54.19,15.0
687,2009-04-20,35.121015,102.71,94.62,54.19,15.0
688,2009-04-13,34.02308,102.44,94.11,54.19,15.0
689,2009-04-06,35.606784,102.14,93.72,54.19,15.0
690,2009-03-30,35.402242,99.98,91.35,52.35,15.0
691,2009-03-23,36.566478000000004,99.52,90.16,52.35,15.0
692,2009-03-16,35.292672,100.0,90.16,52.35,15.0
693,2009-03-09,33.045625,100.03,90.15,52.35,15.0
694,2009-03-02,32.323752,100.64,90.28,52.35,15.0
695,2009-02-23,31.278287999999996,100.81,90.33,52.35,15.0
696,2009-02-16,26.954268,100.86,90.12,52.35,15.0
697,2009-02-09,26.076952,100.31,89.28,52.35,15.0
698,2009-02-02,27.130818,99.82,88.16,52.35,15.0
699,2009-01-26,28.713351999999997,99.39,87.42,52.35,15.0
700,2009-01-19,33.658221000000005,98.45,86.19,52.35,15.0
701,2009-01-12,24.757431,98.32,86.02,52.35,15.0
702,2009-01-05,26.886554999999998,97.57,85.42,52.35,15.0
703,2008-12-29,31.90509,99.17,87.34,52.35,15.0
704,2008-12-22,25.740846,99.94,88.01,52.35,15.0
705,2008-12-15,22.689513,101.24,89.07,52.35,15.0
706,2008-12-08,30.961320000000004,104.87,90.16,52.35,15.0
707,2008-12-01,27.665098999999998,106.56,91.47,52.35,15.0
708,2008-11-24,35.374057,107.78,92.79,50.35,17.5
709,2008-11-17,33.518009,108.73,94.83,50.35,17.5
710,2008-11-10,38.656008,109.13,95.89,50.35,17.5
711,2008-11-03,38.937416,109.87,97.4,50.35,17.5
712,2008-10-27,42.198163,111.01,98.62,50.35,17.5
713,2008-10-20,40.279785000000004,114.31,102.66,50.35,17.5
714,2008-10-13,41.565225,118.42,107.04,50.35,17.5
715,2008-10-06,45.58659,121.14,109.45,50.35,17.5
716,2008-09-29,52.995259999999995,121.65,109.85,50.35,17.5
717,2008-09-22,57.945069000000004,122.61,110.81,50.35,17.5
718,2008-09-15,57.084300000000006,124.14,112.51,50.35,17.5
719,2008-09-08,56.37749600000001,124.2,112.55,50.35,17.5
720,2008-09-01,60.168672,123.89,112.2,50.35,17.5
721,2008-08-25,63.399086,123.74,112.02,50.35,17.5
722,2008-08-18,61.878600000000006,124.1,112.22,50.35,17.5
723,2008-08-11,60.969343,126.2,113.92,50.35,17.5
724,2008-08-04,59.99616,128.19,115.06,50.35,17.5
725,2008-07-28,63.325619999999994,130.71,116.91,50.35,17.5
726,2008-07-21,61.913498,132.89,119.4,50.35,17.5
727,2008-07-14,64.491552,132.87,119.44,50.35,17.5
728,2008-07-07,72.888192,132.55,119.28,50.35,17.5
729,2008-06-30,73.269747,132.03,118.84,50.35,17.5
730,2008-06-23,70.301294,131.45,118.44,50.35,17.5
731,2008-06-16,68.158106,130.66,117.69,50.35,17.5
732,2008-06-09,69.27758200000001,129.68,116.86,50.35,17.5
733,2008-06-02,70.32290400000001,128.82,116.03,50.35,17.5
734,2008-05-26,64.23534,127.21,114.79,50.35,17.5
735,2008-05-19,66.76916899999999,124.5,112.96,50.35,17.5
736,2008-05-12,64.546819,121.49,111.04,50.35,17.5
737,2008-05-05,64.453732,120.37,110.3,50.35,17.5
738,2008-04-28,59.02076799999999,119.1,109.5,50.35,17.5
739,2008-04-21,59.722228,118.06,108.57,50.35,17.5
740,2008-04-14,58.415014000000006,116.51,107.61,50.35,17.5
741,2008-04-07,55.885036,115.47,107.24,50.35,17.5
742,2008-03-31,53.31683700000001,114.79,107.1,50.35,17.5
743,2008-03-24,52.957868,114.4,106.9,50.35,17.5
744,2008-03-17,51.368095999999994,113.08,106.41,50.35,17.5
745,2008-03-10,54.598034,112.23,105.96,50.35,17.5
746,2008-03-03,52.19646,110.9,105.24,50.35,17.5
747,2008-02-25,51.256071999999996,110.21,104.65,50.35,17.5
748,2008-02-18,50.225122999999996,108.99,103.7,50.35,17.5
749,2008-02-11,48.705,108.86,103.67,50.35,17.5
750,2008-02-04,47.169779999999996,108.99,104.03,50.35,17.5
751,2008-01-28,45.271744,109.11,104.22,50.35,17.5
752,2008-01-21,45.76319499999999,109.09,104.22,50.35,17.5
753,2008-01-14,46.344669,108.77,103.82,50.35,17.5
754,2008-01-07,47.36459,108.29,103.37,50.35,17.5
755,2007-12-31,49.659952,107.61,102.66,50.35,17.5
756,2007-12-24,48.1728,107.5,102.53,50.35,17.5
757,2007-12-17,47.046902,107.56,102.6,50.35,17.5
758,2007-12-10,45.279047,107.47,102.67,50.35,17.5
759,2007-12-03,43.460244,107.19,102.58,50.35,17.5
760,2007-11-26,43.139672999999995,106.25,102.13,50.35,17.5
761,2007-11-19,47.646754,105.28,101.47,50.35,17.5
762,2007-11-12,46.323209999999996,104.17,100.74,50.35,17.5
763,2007-11-05,46.069855999999994,102.16,99.36,50.35,17.5
764,2007-10-29,45.892912,100.69,98.26,50.35,17.5
765,2007-10-22,44.763378,99.89,97.81,50.35,17.5
766,2007-10-15,43.17478,99.18,97.19,50.35,17.5
767,2007-10-08,41.083421,99.1,97.14,50.35,17.5
768,2007-10-01,39.75719,98.51,96.39,50.35,17.5
769,2007-09-24,39.89091,96.9,94.91,48.35,17.5
770,2007-09-17,40.401900000000005,96.45,94.65,48.35,17.5
771,2007-09-10,39.38389,96.34,94.63,48.35,17.5
772,2007-09-03,37.790090000000006,96.37,94.8,48.35,17.5
773,2007-08-27,36.731244000000004,96.37,95.0,48.35,17.5
774,2007-08-20,35.289076,96.59,95.31,48.35,17.5
775,2007-08-13,36.33550400000001,96.7,96.0,48.35,17.5
776,2007-08-06,35.313327,96.72,96.15,48.35,17.5
777,2007-07-30,37.007844000000006,96.77,96.2,48.35,17.5
778,2007-07-23,38.04788,96.83,96.23,48.35,17.5
779,2007-07-16,36.764804999999996,96.79,96.21,48.35,17.5
780,2007-07-09,36.336595,96.78,96.2,48.35,17.5
781,2007-07-02,36.222975,96.89,96.36,48.35,17.5
782,2007-06-25,35.16330000000001,97.12,96.54,48.35,17.5
783,2007-06-18,34.583828,97.11,96.56,48.35,17.5
784,2007-06-11,34.408,97.2,96.61,48.35,17.5
785,2007-06-04,32.8657,97.19,96.51,48.35,17.5
786,2007-05-28,32.839368,96.99,96.16,48.35,17.5
787,2007-05-21,32.86732,96.69,95.71,48.35,17.5
788,2007-05-14,32.885616,96.47,95.07,48.35,17.5
789,2007-05-07,31.490613,96.12,94.43,48.35,17.5
790,2007-04-30,31.08886,95.71,93.45,48.35,17.5
791,2007-04-23,33.26322999999999,95.39,92.93,48.35,17.5
792,2007-04-16,31.651972,94.86,91.99,48.35,17.5
793,2007-04-02,32.712092,93.9,90.47,48.35,17.5
794,2007-03-26,33.468547,92.91,89.32,48.35,17.5
795,2007-03-19,31.750344000000002,92.61,88.93,48.35,17.5
796,2007-03-12,29.400228000000002,92.17,88.48,48.35,17.5
797,2007-03-05,31.093890000000002,91.59,87.74,48.35,17.5
798,2007-02-26,31.713779999999996,91.02,87.07,48.35,17.5
799,2007-02-19,31.138602,90.55,86.6,48.35,17.5
800,2007-02-12,30.449253000000002,90.11,86.12,48.35,17.5
801,2007-02-05,30.711592000000003,89.63,85.62,48.35,17.5
802,2007-01-29,29.999866,89.7,85.66,48.35,17.5
803,2007-01-22,28.275284,90.45,86.28,48.35,17.5
804,2007-01-15,26.338134000000004,91.55,87.1,48.35,17.5
805,2007-01-08,27.056694000000004,93.11,87.66,48.35,17.5
806,2007-01-01,29.174211000000003,93.4,87.85,48.35,17.5
807,2006-12-25,31.172130000000003,93.41,87.9,48.35,17.5
808,2006-12-18,31.847822999999998,93.26,87.7,48.35,17.5
809,2006-12-11,32.488846,92.96,87.44,48.35,17.5
810,2006-12-04,31.753157,91.5,85.46,47.1,17.5
811,2006-11-27,32.038493,91.17,85.47,47.1,17.5
812,2006-11-20,30.662623999999997,91.17,85.45,47.1,17.5
813,2006-11-13,29.439775,91.15,85.49,47.1,17.5
814,2006-11-06,31.177488,91.12,85.54,47.1,17.5
815,2006-10-30,31.113554,91.17,85.6,47.1,17.5
816,2006-10-23,31.984875,91.22,85.74,47.1,17.5
817,2006-10-16,30.165738,91.59,85.91,47.1,17.5
818,2006-10-09,31.551658999999997,91.74,86.6,47.1,17.5
819,2006-10-02,31.947695999999997,92.13,86.95,47.1,17.5
820,2006-09-25,33.606522,93.51,88.2,47.1,17.5
821,2006-09-18,31.873519999999996,94.95,89.78,47.1,17.5
822,2006-09-11,33.69156,95.34,91.48,47.1,17.5
823,2006-09-04,35.549749999999996,95.92,92.88,47.1,17.5
824,2006-08-28,36.290155,96.67,94.4,47.1,17.5
825,2006-08-21,38.437551000000006,97.93,95.74,47.1,17.5
826,2006-08-14,37.782454,99.45,97.82,47.1,17.5
827,2006-08-07,39.338584999999995,99.57,98.05,47.1,17.5
828,2006-07-31,39.189192000000006,99.41,97.83,47.1,17.5
829,2006-07-24,39.278611999999995,99.41,97.78,47.1,17.5
830,2006-07-17,40.028453999999996,98.74,96.88,47.1,17.5
831,2006-07-10,41.896617000000006,97.99,95.69,47.1,17.5
832,2006-07-03,40.038236,97.6,95.27,47.1,17.5
833,2006-06-26,40.010916,97.36,94.97,47.1,17.5
834,2006-06-19,38.978500000000004,97.77,95.44,47.1,17.5
835,2006-06-12,37.763152,97.75,95.49,47.1,17.5
836,2006-06-05,38.902253,97.55,95.24,47.1,17.5
837,2006-05-29,38.428929,97.69,95.36,47.1,17.5
838,2006-05-22,38.382785999999996,98.5,96.1,47.1,17.5
839,2006-05-15,36.499078,98.74,96.39,47.1,17.5
840,2006-05-08,38.0011,98.9,96.46,47.1,17.5
841,2006-05-01,37.74818199999999,98.9,96.13,47.1,17.5
842,2006-04-24,39.354299999999995,98.5,95.35,47.1,17.5
843,2006-04-10,39.588651999999996,96.4,92.77,47.1,17.5
844,2006-04-03,38.654904,95.64,91.78,47.1,17.5
845,2006-03-27,38.332239,94.95,91.16,47.1,17.5
846,2006-03-20,36.865962,94.42,90.19,47.1,17.5
847,2006-03-13,35.734961000000006,93.85,89.55,47.1,17.5
848,2006-03-06,34.722836,93.63,89.37,47.1,17.5
849,2006-02-27,36.285533,93.69,89.51,47.1,17.5
850,2006-02-20,36.053721,93.75,89.6,47.1,17.5
851,2006-02-13,34.383096,93.77,89.65,47.1,17.5
852,2006-02-06,35.459056000000004,93.85,89.73,47.1,17.5
853,2006-01-30,37.090938,93.93,89.88,47.1,17.5
854,2006-01-23,38.325056000000004,93.62,89.55,47.1,17.5
855,2006-01-16,38.597244999999994,93.19,89.01,47.1,17.5
856,2006-01-09,35.999744,92.94,88.56,47.1,17.5
857,2006-01-02,36.272228999999996,92.27,88.03,47.1,17.5
858,2005-12-26,35.458135999999996,92.12,87.88,47.1,17.5
859,2005-12-19,33.684895,91.83,87.56,47.1,17.5
860,2005-12-12,32.763258,91.48,87.2,47.1,17.5
861,2005-12-05,33.834483,91.8,87.35,47.1,17.5
862,2005-11-28,34.221708,91.8,87.35,47.1,17.5
863,2005-11-21,34.245543000000005,93.22,88.61,47.1,17.5
864,2005-11-14,32.695936,94.92,90.53,47.1,17.5
865,2005-11-07,33.027973,96.59,92.47,47.1,17.5
866,2005-10-31,34.609354,96.57,92.79,47.1,17.5
867,2005-10-24,34.534202,96.8,93.47,47.1,17.5
868,2005-10-17,34.280202,97.0,94.14,47.1,17.5
869,2005-10-10,35.411002,97.05,94.25,47.1,17.5
870,2005-10-03,35.112752,96.61,93.51,47.1,17.5
871,2005-09-26,37.551455999999995,96.27,93.33,47.1,17.5
872,2005-09-19,36.087618,97.32,94.41,47.1,17.5
873,2005-09-12,34.8264,97.89,95.07,47.1,17.5
874,2005-09-05,34.833887999999995,97.19,94.37,47.1,17.5
875,2005-08-29,36.683753,95.33,91.42,47.1,17.5
876,2005-08-22,36.741828,94.68,90.77,47.1,17.5
877,2005-08-15,36.406484999999996,94.5,90.56,47.1,17.5
878,2005-08-08,36.866604,93.63,89.67,47.1,17.5
879,2005-08-01,35.055606,93.26,89.25,47.1,17.5
880,2005-07-25,34.476444,93.03,89.0,47.1,17.5
881,2005-07-18,33.70029,92.67,88.55,47.1,17.5
882,2005-07-11,33.157772,91.89,87.73,47.1,17.5
883,2005-07-04,34.299176,91.0,87.49,47.1,17.5
884,2005-06-27,33.246624999999995,90.27,86.73,47.1,17.5
885,2005-06-20,32.798304,89.54,85.52,47.1,17.5
886,2005-06-13,31.930467,88.96,84.99,47.1,17.5
887,2005-06-06,29.414876,88.23,84.01,47.1,17.5
888,2005-05-30,30.321530000000003,88.39,84.18,47.1,17.5
889,2005-05-23,28.408615000000005,89.0,84.77,47.1,17.5
890,2005-05-16,25.61364,89.4,85.27,47.1,17.5
891,2005-05-09,26.325603000000005,89.46,85.36,47.1,17.5
892,2005-05-02,26.845728,89.3,85.44,47.1,17.5
893,2005-04-25,26.05328,89.62,85.51,47.1,17.5
894,2005-04-18,28.91358,89.8,85.63,47.1,17.5
895,2005-04-11,26.673867,89.82,85.61,47.1,17.5
896,2005-04-04,28.275596,88.3,83.91,47.1,17.5
897,2005-03-28,30.444732,87.68,83.4,47.1,17.5
898,2005-03-21,29.328432000000006,87.06,82.7,47.1,17.5
899,2005-03-14,29.522759999999998,86.11,81.64,47.1,17.5
900,2005-03-07,28.270941999999998,85.64,81.16,47.1,17.5
901,2005-02-28,27.960222,84.65,80.45,47.1,17.5
902,2005-02-21,26.836588000000003,84.36,80.15,47.1,17.5
903,2005-02-14,25.519130000000004,84.32,80.03,47.1,17.5
904,2005-02-07,25.254179999999998,84.27,79.84,47.1,17.5
905,2005-01-31,24.783136,84.23,79.54,47.1,17.5
906,2005-01-24,24.986527999999996,83.87,78.93,47.1,17.5
907,2005-01-17,25.837372,83.94,78.93,47.1,17.5
908,2005-01-10,25.863948,84.87,79.84,47.1,17.5
909,2005-01-03,24.295964,85.12,81.17,47.1,17.5
910,2004-12-27,22.646140000000003,85.14,81.2,47.1,17.5
911,2004-12-20,22.964764000000002,85.17,81.46,47.1,17.5
912,2004-12-13,23.834200000000003,85.98,82.73,47.1,17.5
913,2004-12-06,21.258762,86.4,84.06,47.1,17.5
914,2004-11-29,21.886829999999996,86.36,84.17,47.1,17.5
915,2004-11-22,26.099376,85.17,81.46,47.1,17.5
916,2004-11-15,26.080095999999998,86.42,84.26,47.1,17.5
917,2004-11-08,25.486552,86.54,84.34,47.1,17.5
918,2004-11-01,26.739790000000003,86.42,84.27,47.1,17.5
919,2004-10-25,28.15744,86.03,83.94,47.1,17.5
920,2004-10-18,30.166956,85.34,83.35,47.1,17.5
921,2004-10-11,30.447699,85.01,83.11,47.1,17.5
922,2004-10-04,29.709663000000003,83.84,82.05,47.1,17.5
923,2004-09-27,27.851684,83.46,81.63,47.1,17.5
924,2004-09-20,27.084408000000003,83.03,81.28,47.1,17.5
925,2004-09-13,25.430102,82.91,81.31,47.1,17.5
926,2004-09-06,23.810922,82.92,81.37,47.1,17.5
927,2004-08-23,24.107394,82.82,81.51,47.1,17.5
928,2004-08-16,26.29907,82.33,81.25,47.1,17.5
929,2004-08-09,25.19978,82.14,81.18,47.1,17.5
930,2004-08-02,23.886825,81.79,80.86,47.1,17.5
931,2004-07-26,24.06372,81.7,80.87,47.1,17.5
932,2004-07-19,22.756975999999998,81.68,80.84,47.1,17.5
933,2004-07-12,22.031625000000002,81.05,80.34,47.1,17.5
934,2004-07-05,21.486492,80.51,79.87,47.1,17.5
935,2004-06-28,20.964779,81.04,80.41,47.1,17.5
936,2004-06-21,20.554869999999998,82.09,81.04,47.1,17.5
937,2004-06-14,21.083875000000003,82.6,81.54,47.1,17.5
938,2004-06-07,21.159035000000003,83.65,82.44,47.1,17.5
939,2004-05-31,20.927013,83.61,82.35,47.1,17.5
940,2004-05-24,21.762516,83.48,82.13,47.1,17.5
941,2004-05-17,22.324863,82.83,81.49,47.1,17.5
942,2004-05-10,23.532806,81.68,80.3,47.1,17.5
943,2004-04-26,21.007560000000005,79.75,78.4,47.1,17.5
944,2004-04-19,20.588962,79.43,78.04,47.1,17.5
945,2004-04-12,21.00231,79.27,77.88,47.1,17.5
946,2004-04-05,20.285868,79.23,77.86,47.1,17.5
947,2004-03-29,18.776940000000003,79.01,77.59,47.1,17.5
948,2004-03-22,19.676510999999998,78.92,77.44,47.1,17.5
949,2004-03-15,20.780255999999998,78.8,77.39,47.1,17.5
950,2004-03-08,20.067355,78.25,76.73,47.1,17.5
951,2004-03-01,20.180016,77.87,76.32,47.1,17.5
952,2004-02-23,19.356447999999997,77.93,76.38,47.1,17.5
953,2004-02-16,19.13856,78.0,76.44,47.1,17.5
954,2004-02-09,18.327168,77.98,76.5,47.1,17.5
955,2004-02-02,17.581424,78.13,76.48,47.1,17.5
956,2004-01-26,18.118009999999998,78.08,76.44,47.1,17.5
957,2004-01-19,19.129649999999998,78.06,76.36,47.1,17.5
958,2004-01-12,19.481385,77.54,75.9,47.1,17.5
959,2004-01-05,18.554848,77.54,75.88,47.1,17.5
960,2003-12-29,18.133152000000003,77.6,75.94,47.1,17.5
961,2003-12-22,18.54947,77.61,75.92,47.1,17.5
962,2003-12-15,18.68932,77.62,75.96,47.1,17.5
963,2003-12-08,18.915399999999998,77.63,75.97,47.1,17.5
964,2003-12-01,17.777305000000002,77.66,76.0,47.1,17.5
965,2003-11-24,17.653005,77.67,76.02,47.1,17.5
966,2003-11-17,18.561392,77.52,75.93,47.1,17.5
967,2003-11-10,19.182461999999997,77.47,75.94,47.1,17.5
968,2003-11-03,18.42362,77.52,76.0,47.1,17.5
969,2003-10-27,17.171989,77.51,76.0,47.1,17.5
970,2003-10-20,17.788368,77.54,76.05,47.1,17.5
971,2003-10-13,18.276076,77.43,75.9,47.1,17.5
972,2003-10-06,19.204379,77.66,76.43,47.1,17.5
973,2003-09-29,18.2704,77.53,76.08,45.82,17.5
974,2003-09-22,16.974848,77.55,76.15,45.82,17.5
975,2003-09-15,16.520736,77.63,76.2,45.82,17.5
976,2003-09-08,17.637653,77.67,76.23,45.82,17.5
977,2003-09-01,18.182848,77.59,76.13,45.82,17.5
978,2003-08-18,20.2184,77.44,75.81,45.82,17.5
979,2003-08-11,19.44351,77.08,75.44,45.82,17.5
980,2003-08-04,20.061011999999998,76.81,75.12,45.82,17.5
981,2003-07-28,20.058048000000003,76.86,75.1,45.82,17.5
982,2003-07-21,18.626958,76.9,75.07,45.82,17.5
983,2003-07-14,20.083664,76.41,74.21,45.82,17.5
984,2003-07-07,19.180896,76.46,74.28,45.82,17.5
985,2003-06-30,18.242874,76.51,74.35,45.82,17.5
986,2003-06-23,17.746401,76.62,74.42,45.82,17.5
987,2003-06-16,18.519738,76.69,74.47,45.82,17.5
988,2003-06-09,18.319505,76.77,74.59,45.82,17.5
