Date,Barrel_oil_Â£,Petrol(pence/litre),Petrol Dutyrate,petrol vat
2022-06-27,89.04961800000001,190.93,52.95,20.0
2022-06-20,87.742586,186.85,52.95,20.0
2022-06-13,89.609124,182.53,52.95,20.0
2022-06-06,97.959906,174.99,52.95,20.0
2022-05-30,95.155435,170.36,52.95,20.0
2022-05-23,91.181468,167.59,52.95,20.0
2022-05-16,90.651938,165.09,52.95,20.0
2022-05-09,90.082497,163.68,52.95,20.0
2022-05-02,88.946631,162.48,52.95,20.0
2022-04-25,83.249488,161.84,52.95,20.0
2022-04-18,79.492116,161.67,52.95,20.0
2022-04-11,81.88092,161.78,52.95,20.0
2022-04-04,75.38507200000001,161.91,52.95,20.0
2022-03-28,75.683448,162.65,52.95,20.0
2022-03-21,86.40454000000001,165.37,57.95,20.0
2022-03-14,79.43589,159.96,57.95,20.0
2022-03-07,83.845177,152.95,57.95,20.0
2022-02-28,87.44251200000001,149.22,57.95,20.0
2022-02-21,68.307822,147.77,57.95,20.0
2022-02-14,66.991092,146.95,57.95,20.0
2022-02-07,68.63332,146.33,57.95,20.0
2022-01-31,68.21709,145.74,57.95,20.0
2022-01-24,64.75903799999999,144.87,57.95,20.0
2022-01-17,62.799264,144.8,57.95,20.0
2022-01-10,61.28918399999999,144.82,57.95,20.0
2022-01-03,58.046730000000004,145.04,57.95,20.0
2021-12-27,55.572669,144.92,57.95,20.0
2021-12-20,55.11375100000001,145.16,57.95,20.0
2021-12-13,53.513472,146.22,57.95,20.0
2021-12-06,53.989011,146.89,57.95,20.0
2021-11-29,50.06605600000001,147.53,57.95,20.0
2021-11-22,51.085240000000006,146.89,57.95,20.0
2021-11-15,56.55752,145.87,57.95,20.0
2021-11-08,60.212787,144.9,57.95,20.0
2021-11-01,60.196689,143.7,57.95,20.0
2021-10-25,61.02281399999999,141.81,57.95,20.0
2021-10-18,60.89352,139.46,57.95,20.0
2021-10-11,59.825787999999996,137.17,57.95,20.0
2021-10-04,58.282575,136.1,57.95,20.0
2021-09-27,56.007028,135.19,57.95,20.0
2021-09-20,54.094176,134.86,57.95,20.0
2021-09-13,52.358175,134.75,57.95,20.0
2021-09-06,50.365728000000004,134.76,57.95,20.0
2021-08-30,49.965019000000005,134.66,57.95,20.0
2021-08-23,49.953357999999994,134.68,57.95,20.0
2021-08-16,45.74288,134.77,57.95,20.0
2021-08-09,49.352084,134.7,57.95,20.0
2021-08-02,49.209396,134.21,57.95,20.0
2021-07-26,53.18484,133.48,57.95,20.0
2021-07-19,52.430924999999995,133.2,57.95,20.0
2021-07-12,52.148422,132.47,57.95,20.0
2021-07-05,53.63100800000001,131.7,57.95,20.0
2021-06-28,54.333164,130.73,57.95,20.0
2021-06-21,53.353025,130.1,57.95,20.0
2021-06-14,51.86736,129.47,57.95,20.0
2021-06-07,50.261008,128.69,57.95,20.0
2021-05-31,49.17260600000001,128.15,57.95,20.0
2021-05-24,46.73570399999999,127.89,57.95,20.0
2021-05-17,44.931986,127.19,57.95,20.0
2021-05-10,46.36040400000001,126.53,57.95,20.0
2021-05-03,46.435950000000005,126.09,57.95,20.0
2021-04-26,46.012845999999996,125.8,57.95,20.0
2021-04-19,44.778084,125.48,57.95,20.0
2021-04-12,45.636677,125.4,57.95,20.0
2021-04-05,43.262076,125.24,57.95,20.0
2021-03-29,44.41606,125.13,57.95,20.0
2021-03-22,44.215444,124.57,57.95,20.0
2021-03-15,44.271536,123.9,57.95,20.0
2021-03-08,47.10798,122.94,57.95,20.0
2021-03-01,47.736807000000006,122.17,57.95,20.0
2021-02-22,44.132400000000004,121.27,57.95,20.0
2021-02-15,42.261816,120.53,57.95,20.0
2021-02-08,42.955181,119.67,57.95,20.0
2021-02-01,41.3868,119.14,57.95,20.0
2021-01-25,38.09556,118.1,57.95,20.0
2021-01-18,38.188462,116.93,57.95,20.0
2021-01-11,38.526488,116.14,57.95,20.0
2021-01-04,38.506104,115.39,57.95,20.0
2020-12-28,35.482676,114.91,57.95,20.0
2020-12-21,35.588916999999995,114.43,57.95,20.0
2020-12-14,36.304539999999996,113.82,57.95,20.0
2020-12-07,35.206920000000004,113.17,57.95,20.0
2020-11-30,34.412814,112.61,57.95,20.0
2020-11-23,34.188477,112.42,57.95,20.0
2020-11-16,31.726305,112.35,57.95,20.0
2020-11-09,30.426566,112.5,57.95,20.0
2020-11-02,28.222686,113.11,57.95,20.0
2020-10-26,27.647775,113.14,57.95,20.0
2020-10-19,30.54901,113.18,57.95,20.0
2020-10-12,31.645208000000004,113.19,57.95,20.0
2020-10-05,31.11178,113.26,57.95,20.0
2020-09-28,28.628535,113.3,57.95,20.0
2020-09-21,31.568075,113.31,57.95,20.0
2020-09-14,31.823251,113.32,57.95,20.0
2020-09-07,29.169662,113.37,57.95,20.0
2020-08-31,29.938856000000005,113.29,57.95,20.0
2020-08-24,32.175936,113.22,57.95,20.0
2020-08-17,32.33929200000001,113.04,57.95,20.0
2020-08-10,32.099841,113.02,57.95,20.0
2020-08-03,31.57452,112.91,57.95,20.0
2020-07-27,30.770307000000003,112.66,57.95,20.0
2020-07-20,32.276393,112.23,57.95,20.0
2020-07-13,32.297463,111.24,57.95,20.0
2020-07-06,32.123709999999996,109.43,57.95,20.0
2020-06-29,32.556585,108.31,57.95,20.0
2020-06-22,31.203843,107.13,57.95,20.0
2020-06-15,32.1657,106.37,57.95,20.0
2020-06-08,28.910097999999998,105.74,57.95,20.0
2020-06-01,31.228679999999997,105.17,57.95,20.0
2020-05-25,28.743351,104.87,57.95,20.0
2020-05-18,27.31155,105.09,57.95,20.0
2020-05-11,24.309179999999998,107.45,57.95,20.0
2020-05-04,19.937965999999996,107.56,57.95,20.0
2020-04-27,15.818066,107.88,57.95,20.0
2020-04-20,13.694296000000001,108.63,57.95,20.0
2020-04-13,14.616,109.27,57.95,20.0
2020-04-06,18.276280000000003,110.23,57.95,20.0
2020-03-30,23.114104,112.45,57.95,20.0
2020-03-23,17.266077,119.64,57.95,20.0
2020-03-16,19.265127,120.33,57.95,20.0
2020-03-09,25.840912,122.24,57.95,20.0
2020-03-02,31.632864,122.43,57.95,20.0
2020-02-24,34.9128,123.45,57.95,20.0
2020-02-17,41.15598,123.8,57.95,20.0
2020-02-10,39.891119999999994,124.73,57.95,20.0
2020-02-03,39.028192,125.85,57.95,20.0
2020-01-27,39.0567,127.33,57.95,20.0
2020-01-20,41.439093,127.18,57.95,20.0
2020-01-13,44.999698,127.17,57.95,20.0
2020-01-06,45.206928000000005,126.09,57.95,20.0
2019-12-30,48.176505,124.96,57.95,20.0
2019-12-23,47.197284,124.16,57.95,20.0
2019-12-16,46.47836,124.33,57.95,20.0
2019-12-09,45.076527999999996,124.75,57.95,20.0
2019-12-02,45.06304,124.81,57.95,20.0
2019-11-25,42.657444,125.32,57.95,20.0
2019-11-18,45.020161,125.58,57.95,20.0
2019-11-11,44.744544,125.59,57.95,20.0
2019-11-04,44.818920000000006,125.56,57.95,20.0
2019-10-28,43.44822,125.77,57.95,20.0
2019-10-21,44.189134,126.4,57.95,20.0
2019-10-14,41.459002000000005,126.91,57.95,20.0
2019-10-07,43.24582,126.87,57.95,20.0
2019-09-30,42.818348,126.92,57.95,20.0
2019-09-23,45.493967,126.78,57.95,20.0
2019-09-16,46.553326000000006,126.92,57.95,20.0
2019-09-09,43.874515,127.79,57.95,20.0
2019-09-02,46.018584000000004,127.86,57.95,20.0
2019-08-26,45.31975,128.22,57.95,20.0
2019-08-19,44.116048,128.17,57.95,20.0
2019-08-12,45.15801,128.36,57.95,20.0
2019-08-05,45.3004,128.37,57.95,20.0
2019-07-29,45.791481999999995,128.03,57.95,20.0
2019-07-22,45.38712,127.81,57.95,20.0
2019-07-15,44.498437,127.13,57.95,20.0
2019-07-08,47.885013,126.86,57.95,20.0
2019-07-01,45.921735,126.49,57.95,20.0
2019-06-24,46.056819,126.66,57.95,20.0
2019-06-17,45.071064,127.66,57.95,20.0
2019-06-10,41.703442,128.89,57.95,20.0
2019-06-03,42.392948000000004,129.41,57.95,20.0
2019-05-27,42.3399,129.14,57.95,20.0
2019-05-20,46.118358,128.51,57.95,20.0
2019-05-13,49.335636,127.97,57.95,20.0
2019-05-06,47.428872,127.5,57.95,20.0
2019-04-29,47.018654,126.36,57.95,20.0
2019-04-22,49.00053,125.43,57.95,20.0
2019-04-15,49.2352,124.06,57.95,20.0
2019-04-08,48.831127,122.75,57.95,20.0
2019-04-01,48.38236,121.7,57.95,20.0
2019-03-25,46.145421999999996,120.83,57.95,20.0
2019-03-18,44.69328,120.48,57.95,20.0
2019-03-11,44.012892,120.1,57.95,20.0
2019-03-04,43.067367,119.72,57.95,20.0
2019-02-25,42.25734,119.22,57.95,20.0
2019-02-18,43.866886,119.05,57.95,20.0
2019-02-11,43.12672200000001,118.97,57.95,20.0
2019-02-04,40.715655999999996,119.13,57.95,20.0
2019-01-28,42.246269999999996,119.29,57.95,20.0
2019-01-21,40.675544,119.12,57.95,20.0
2019-01-14,41.78646,119.53,57.95,20.0
2019-01-07,40.147338000000005,120.27,57.95,20.0
2018-12-31,37.701356000000004,120.18,57.95,20.0
2018-12-24,35.67471,120.61,57.95,20.0
2018-12-17,36.093603,121.02,57.95,20.0
2018-12-10,40.68352,122.37,57.95,20.0
2018-12-03,41.330416,124.3,57.95,20.0
2018-11-26,39.924027,125.77,57.95,20.0
2018-11-19,39.347768,127.4,57.95,20.0
2018-11-12,43.976694,128.94,57.95,20.0
2018-11-05,46.382414,130.11,57.95,20.0
2018-10-29,48.674626,130.64,57.95,20.0
2018-10-22,52.666128,130.98,57.95,20.0
2018-10-15,52.8768,130.81,57.95,20.0
2018-10-08,54.225534,130.15,57.95,20.0
2018-10-01,56.64708,129.98,57.95,20.0
2018-09-24,56.21205,130.59,57.95,20.0
2018-09-17,54.125466,130.59,57.95,20.0
2018-09-10,52.798047,130.24,57.95,20.0
2018-09-03,52.431725,129.76,57.95,20.0
2018-08-27,53.83674,129.18,57.95,20.0
2018-08-20,53.46416,128.79,57.95,20.0
2018-08-13,51.686622,128.39,57.95,20.0
2018-08-06,52.967816,128.02,57.95,20.0
2018-07-30,52.655111999999995,127.54,57.95,20.0
2018-07-23,52.389863,127.5,57.95,20.0
2018-07-16,53.64824399999999,127.47,57.95,20.0
2018-07-09,53.655156000000005,126.97,57.95,20.0
2018-07-02,55.549260000000004,126.54,57.95,20.0
2018-06-25,56.138965000000006,127.18,57.95,20.0
2018-06-18,51.681888,127.92,57.95,20.0
2018-06-11,48.970662000000004,128.61,57.95,20.0
2018-06-04,49.015744,128.43,57.95,20.0
2018-05-28,49.298271,127.58,57.95,20.0
2018-05-21,51.00503199999999,125.93,57.95,20.0
2018-05-14,52.904016,124.32,57.95,20.0
2018-05-07,52.19781,123.27,57.95,20.0
2018-04-30,51.516108,122.22,57.95,20.0
2018-04-23,49.42017,121.44,57.95,20.0
2018-04-16,48.823319999999995,120.56,57.95,20.0
2018-04-09,47.321258,119.96,57.95,20.0
2018-04-02,44.037776,119.43,57.95,20.0
2018-03-26,46.328196,119.23,57.95,20.0
2018-03-19,46.616687999999996,119.17,57.95,20.0
2018-03-12,44.722716000000005,119.11,57.95,20.0
2018-03-05,44.799084,119.29,57.95,20.0
2018-02-26,44.3695,119.55,57.95,20.0
2018-02-19,45.495445,120.52,57.95,20.0
2018-02-12,43.922328,121.58,57.95,20.0
2018-02-05,42.783840000000005,121.73,57.95,20.0
2018-01-29,46.345145,121.69,57.95,20.0
2018-01-22,46.674998,121.5,57.95,20.0
2018-01-15,45.746803,120.96,57.95,20.0
2018-01-08,46.83612,120.52,57.95,20.0
2018-01-01,45.275135999999996,120.19,57.95,20.0
2017-12-25,44.704758,120.0,57.95,20.0
2017-12-18,43.753100999999994,119.98,57.95,20.0
2017-12-11,43.01511,119.91,57.95,20.0
2017-12-04,42.836448,119.75,57.95,20.0
2017-11-27,43.314792,120.13,57.95,20.0
2017-11-20,44.20071,119.67,57.95,20.0
2017-11-13,42.79704,118.91,57.95,20.0
2017-11-06,43.014594,117.57,57.95,20.0
2017-10-30,42.553472,117.06,57.95,20.0
2017-10-23,41.05563,117.04,57.95,20.0
2017-10-16,39.024553999999995,117.01,57.95,20.0
2017-10-09,38.726415,117.16,57.95,20.0
2017-10-02,37.721637,118.13,57.95,20.0
2017-09-25,38.566488,118.87,57.95,20.0
2017-09-18,37.544126,118.85,57.95,20.0
2017-09-11,36.704073,118.14,57.95,20.0
2017-09-04,35.975596,116.95,57.95,20.0
2017-08-28,36.517338,116.4,57.95,20.0
2017-08-21,37.142333,116.04,57.95,20.0
2017-08-14,37.672866,115.53,57.95,20.0
2017-08-07,37.51817,114.78,57.95,20.0
2017-07-31,38.032818,114.16,57.95,20.0
2017-07-24,37.844223,113.99,57.95,20.0
2017-07-17,35.220015000000004,113.89,57.95,20.0
2017-07-10,35.537943999999996,113.58,57.95,20.0
2017-07-03,34.309211,113.74,57.95,20.0
2017-06-26,35.344908000000004,114.43,57.95,20.0
2017-06-19,33.818763,115.12,57.95,20.0
2017-06-12,35.017998,115.69,57.95,20.0
2017-06-05,35.958217999999995,115.82,57.95,20.0
2017-05-29,36.984159999999996,115.79,57.95,20.0
2017-05-22,38.8938,115.67,57.95,20.0
2017-05-15,38.608143,115.6,57.95,20.0
2017-05-08,37.11427200000001,117.06,57.95,20.0
2017-05-01,35.603266,118.08,57.95,20.0
2017-04-24,38.092625999999996,118.15,57.95,20.0
2017-04-17,38.723448,117.54,57.95,20.0
2017-04-10,42.458912,117.02,57.95,20.0
2017-04-03,42.220368,116.93,57.95,20.0
2017-03-27,40.3029,118.03,57.95,20.0
2017-03-20,38.462346,118.95,57.95,20.0
2017-03-13,39.355703999999996,119.8,57.95,20.0
2017-03-06,39.839384,120.02,57.95,20.0
2017-02-27,43.378622,120.12,57.95,20.0
2017-02-20,43.305379,120.2,57.95,20.0
2017-02-13,43.0137,120.15,57.95,20.0
2017-02-06,43.11493,120.18,57.95,20.0
2017-01-30,43.107063999999994,120.01,57.95,20.0
2017-01-23,42.349905,119.43,57.95,20.0
2017-01-16,42.360602,118.63,57.95,20.0
2017-01-09,43.006244,117.98,57.95,20.0
2017-01-02,43.937062,117.0,57.95,20.0
2016-12-26,43.54006,115.45,57.95,20.0
2016-12-19,43.13177,115.0,57.95,20.0
2016-12-12,41.53038,114.23,57.95,20.0
2016-12-05,40.9528,113.66,57.95,20.0
2016-11-28,40.599807999999996,113.72,57.95,20.0
2016-11-21,36.91709,114.71,57.95,20.0
2016-11-14,37.008900000000004,116.5,57.95,20.0
2016-11-07,34.445834999999995,116.56,57.95,20.0
2016-10-31,35.203116,116.02,57.95,20.0
2016-10-24,39.96322,115.2,57.95,20.0
2016-10-17,41.559705,113.72,57.95,20.0
2016-10-10,41.31721,112.35,57.95,20.0
2016-10-03,40.062183000000005,111.65,57.95,20.0
2016-09-26,37.173744,111.36,57.95,20.0
2016-09-19,34.285184,111.29,57.95,20.0
2016-09-12,33.098676,111.31,57.95,20.0
2016-09-05,34.584344,110.97,57.95,20.0
2016-08-29,33.432212,110.43,57.95,20.0
2016-08-22,36.263568,109.63,57.95,20.0
2016-08-15,37.108096,109.28,57.95,20.0
2016-08-08,34.426362000000005,109.75,57.95,20.0
2016-08-01,31.976999999999997,111.05,57.95,20.0
2016-07-25,31.4496,111.69,57.95,20.0
2016-07-18,33.708132,111.92,57.95,20.0
2016-07-11,34.8301,111.89,57.95,20.0
2016-07-04,35.051978999999996,111.65,57.95,20.0
2016-06-27,36.93846,111.44,57.95,20.0
2016-06-20,34.82484,111.22,57.95,20.0
2016-06-13,33.41807,111.03,57.95,20.0
2016-06-06,34.417698,110.4,57.95,20.0
2016-05-30,33.484593999999994,109.79,57.95,20.0
2016-05-23,33.726921,109.12,57.95,20.0
2016-05-16,32.928399999999996,108.53,57.95,20.0
2016-05-09,32.176023,108.19,57.95,20.0
2016-05-02,30.949379999999994,107.82,57.95,20.0
2016-04-25,31.423056000000003,107.14,57.95,20.0
2016-04-18,30.366111999999998,106.41,57.95,20.0
2016-04-11,28.43362,105.39,57.95,20.0
2016-04-04,28.117787999999997,104.51,57.95,20.0
2016-03-28,25.859690999999998,103.4,57.95,20.0
2016-03-21,27.89822,102.58,57.95,20.0
2016-03-14,27.237264,101.71,57.95,20.0
2016-03-07,26.78445,101.46,57.95,20.0
2016-02-29,25.244576000000002,101.42,57.95,20.0
2016-02-22,23.631102000000002,101.39,57.95,20.0
2016-02-15,20.576088000000002,101.45,57.95,20.0
2016-02-08,20.292992,101.51,57.95,20.0
2016-02-01,21.298655,101.36,57.95,20.0
2016-01-25,23.597877999999998,101.42,57.95,20.0
2016-01-18,22.565189999999998,101.8,57.95,20.0
2016-01-11,20.635188000000003,101.89,57.95,20.0
2016-01-04,22.837291999999998,102.0,57.95,20.0
2015-12-28,25.116824,102.11,57.95,20.0
2015-12-21,25.51176,102.33,57.95,20.0
2015-12-14,23.317721999999996,104.0,57.95,20.0
2015-12-07,23.405901999999998,106.75,57.95,20.0
2015-11-30,26.448148999999997,106.97,57.95,20.0
2015-11-23,27.737150000000003,107.29,57.95,20.0
2015-11-16,26.588737000000002,107.36,57.95,20.0
2015-11-09,26.741736,107.14,57.95,20.0
2015-11-02,29.430705,107.21,57.95,20.0
2015-10-26,30.199638000000004,108.04,57.95,20.0
2015-10-19,29.123800000000003,109.01,57.95,20.0
2015-10-12,30.619754,108.97,57.95,20.0
2015-10-05,32.428242,108.94,57.95,20.0
2015-09-28,29.992644,109.47,57.95,20.0
2015-09-21,30.09802,110.61,57.95,20.0
2015-09-14,28.769452,110.6,57.95,20.0
2015-09-07,28.924703,110.9,57.95,20.0
2015-08-31,30.351554999999998,111.21,57.95,20.0
2015-08-24,29.374912,113.23,57.95,20.0
2015-08-17,25.770695000000003,114.58,57.95,20.0
2015-08-10,27.166,115.48,57.95,20.0
2015-08-03,28.309310999999997,116.12,57.95,20.0
2015-07-27,30.161512,116.44,57.95,20.0
2015-07-20,31.031043999999998,116.79,57.95,20.0
2015-07-13,32.605223,116.41,57.95,20.0
2015-07-06,33.969834,116.34,57.95,20.0
2015-06-29,36.560446,116.55,57.95,20.0
2015-06-22,37.859087,116.6,57.95,20.0
2015-06-15,37.530456,116.39,57.95,20.0
2015-06-08,38.542288000000006,116.26,57.95,20.0
2015-06-01,38.724237,116.13,57.95,20.0
2015-05-25,39.4362,116.02,57.95,20.0
2015-05-18,38.555232,115.74,57.95,20.0
2015-05-11,37.96284,115.1,57.95,20.0
2015-05-04,38.42533,114.27,57.95,20.0
2015-04-27,39.06266,113.55,57.95,20.0
2015-04-20,37.627559999999995,112.87,57.95,20.0
2015-04-13,37.256616,112.52,57.95,20.0
2015-04-06,35.29594,112.37,57.95,20.0
2015-03-30,32.933628,112.06,57.95,20.0
2015-03-23,32.850414,111.65,57.95,20.0
2015-03-16,30.577536,111.04,57.95,20.0
2015-03-09,30.410488000000004,110.07,57.95,20.0
2015-03-02,32.99065,109.2,57.95,20.0
2015-02-23,32.239504000000004,108.34,57.95,20.0
2015-02-16,32.685762000000004,107.26,57.95,20.0
2015-02-09,34.275332,106.35,57.95,20.0
2015-02-02,33.903471,106.04,57.95,20.0
2015-01-26,32.012064,106.32,57.95,20.0
2015-01-19,30.413089000000003,106.83,57.95,20.0
2015-01-12,32.140268999999996,108.87,57.95,20.0
2015-01-05,31.898255999999996,111.06,57.95,20.0
2014-12-29,34.374956,113.16,57.95,20.0
2014-12-22,35.180444,113.66,57.95,20.0
2014-12-15,36.155844,116.3,57.95,20.0
2014-12-08,36.772941,119.83,57.95,20.0
2014-12-01,42.249528000000005,121.18,57.95,20.0
2014-11-24,42.269850000000005,122.29,57.95,20.0
2014-11-17,48.874588,122.5,57.95,20.0
2014-11-10,48.388324,122.94,57.95,20.0
2014-11-03,49.5495,123.94,57.95,20.0
2014-10-27,50.345554,125.11,57.95,20.0
2014-10-20,50.34771500000001,125.4,57.95,20.0
2014-10-13,51.412575,126.5,57.95,20.0
2014-10-06,53.380039999999994,126.78,57.95,20.0
2014-09-29,56.21313599999999,128.59,57.95,20.0
2014-09-22,57.57387000000001,128.62,57.95,20.0
2014-09-15,56.730498999999995,128.43,57.95,20.0
2014-09-08,56.718369,128.34,57.95,20.0
2014-09-01,57.140125000000005,128.01,57.95,20.0
2014-08-25,57.8159,128.34,57.95,20.0
2014-08-18,56.51777500000001,129.29,57.95,20.0
2014-08-11,58.302915,129.41,57.95,20.0
2014-08-04,58.209165,129.63,57.95,20.0
2014-07-28,58.18966,130.83,57.95,20.0
2014-07-21,60.141219,131.04,57.95,20.0
2014-07-14,60.351676000000005,131.11,57.95,20.0
2014-07-07,58.874637,131.1,57.95,20.0
2014-06-30,60.635762,130.69,57.95,20.0
2014-06-23,62.069379999999995,130.14,57.95,20.0
2014-06-16,63.047428000000004,129.88,57.95,20.0
2014-06-09,63.023445,129.69,57.95,20.0
2014-06-02,61.092966,129.63,57.95,20.0
2014-05-26,61.307598999999996,129.51,57.95,20.0
2014-05-19,61.973465,129.42,57.95,20.0
2014-05-12,60.671293999999996,129.5,57.95,20.0
2014-05-05,59.344065,129.27,57.95,20.0
2014-04-28,59.137728,129.09,57.95,20.0
2014-04-21,59.85699999999999,129.11,57.95,20.0
2014-04-14,62.058499999999995,128.89,57.95,20.0
2014-04-07,62.005398,128.71,57.95,20.0
2014-03-31,60.997533999999995,128.76,57.95,20.0
2014-03-24,61.10367,128.57,57.95,20.0
2014-03-17,60.332436,128.76,57.95,20.0
2014-03-10,59.413112,129.39,57.95,20.0
2014-03-03,61.363355999999996,129.36,57.95,20.0
2014-02-24,61.266748,129.2,57.95,20.0
2014-02-17,61.50396,129.16,57.95,20.0
2014-02-10,59.889129999999994,128.81,57.95,20.0
2014-02-03,60.856883999999994,128.85,57.95,20.0
2014-01-27,59.322665,129.02,57.95,20.0
2014-01-20,58.631488000000004,129.37,57.95,20.0
2014-01-13,57.461893,130.36,57.95,20.0
2014-01-06,56.253224,130.26,57.95,20.0
2013-12-30,57.231035999999996,130.03,57.95,20.0
2013-12-23,60.874176,130.05,57.95,20.0
2013-12-16,60.80370399999999,130.96,57.95,20.0
2013-12-09,59.27376,130.76,57.95,20.0
2013-12-02,59.72274000000001,130.25,57.95,20.0
2013-11-25,56.65192,130.03,57.95,20.0
2013-11-18,58.449892,129.89,57.95,20.0
2013-11-11,58.208952,129.71,57.95,20.0
2013-11-04,59.05877999999999,129.92,57.95,20.0
2013-10-28,59.405619,131.42,57.95,20.0
2013-10-21,60.53001,131.53,57.95,20.0
2013-10-14,62.35098500000001,131.67,57.95,20.0
2013-10-07,63.946136,131.62,57.95,20.0
2013-09-30,64.868848,133.4,57.95,20.0
2013-09-23,63.73825200000001,136.95,57.95,20.0
2013-09-16,65.404064,137.47,57.95,20.0
2013-09-09,68.161479,137.6,57.95,20.0
2013-09-02,70.717094,137.14,57.95,20.0
2013-08-19,68.353566,137.0,57.95,20.0
2013-08-12,68.752908,137.13,57.95,20.0
2013-08-05,68.371844,137.02,57.95,20.0
2013-07-29,69.949454,136.87,57.95,20.0
2013-07-22,68.06547,136.04,57.95,20.0
2013-07-15,70.77275,134.95,57.95,20.0
2013-07-08,70.12830500000001,133.77,57.95,20.0
2013-07-01,69.322552,133.44,57.95,20.0
2013-06-24,63.468888,134.52,57.95,20.0
2013-06-17,60.76733399999999,134.46,57.95,20.0
2013-06-10,62.31088,134.3,57.95,20.0
2013-06-03,61.728084,134.04,57.95,20.0
2013-05-27,60.51626,133.64,57.95,20.0
2013-05-20,62.242565000000006,133.17,57.95,20.0
2013-05-13,63.296383999999996,133.12,57.95,20.0
2013-05-06,62.51243600000001,133.42,57.95,20.0
2013-04-29,61.391181,134.66,57.95,20.0
2013-04-22,60.0873,135.68,57.95,20.0
2013-04-15,57.787366,137.11,57.95,20.0
2013-04-08,59.51195100000001,137.31,57.95,20.0
2013-04-01,60.440400000000004,137.3,57.95,20.0
2013-03-25,63.938448,137.09,57.95,20.0
2013-03-18,61.52061499999999,137.58,57.95,20.0
2013-03-11,61.82652,140.0,57.95,20.0
2013-03-04,61.634085000000006,139.47,57.95,20.0
2013-02-25,60.329404000000004,138.5,57.95,20.0
2013-02-18,61.083967,136.86,57.95,20.0
2013-02-11,61.762598,135.56,57.95,20.0
2013-02-04,60.600332,134.38,57.95,20.0
2013-01-28,62.259936,132.95,57.95,20.0
2013-01-21,60.69204,132.21,57.95,20.0
2013-01-14,60.2028,132.0,57.95,20.0
2013-01-07,58.016556,131.86,57.95,20.0
2012-12-31,57.929907,131.92,57.95,20.0
2012-12-24,56.15071999999999,131.95,57.95,20.0
2012-12-17,54.827344,131.98,57.95,20.0
2012-12-10,53.668524000000005,132.55,57.95,20.0
2012-12-03,53.57735500000001,133.05,57.95,20.0
2012-11-26,55.488730999999994,134.38,57.95,20.0
2012-11-19,55.077892,134.56,57.95,20.0
2012-11-12,54.550098,135.09,57.95,20.0
2012-11-05,54.13802999999999,136.43,57.95,20.0
2012-10-29,52.961126,136.98,57.95,20.0
2012-10-22,53.562624,138.29,57.95,20.0
2012-10-15,56.26324,138.35,57.95,20.0
2012-10-08,57.155291999999996,138.24,57.95,20.0
2012-10-01,55.716612,138.43,57.95,20.0
2012-09-24,57.028734,139.54,57.95,20.0
2012-09-17,57.229529,139.42,57.95,20.0
2012-09-10,61.0533,138.91,57.95,20.0
2012-09-03,60.243216000000004,138.03,57.95,20.0
2012-08-27,60.795393999999995,137.1,57.95,20.0
2012-08-20,60.82449000000001,135.72,57.95,20.0
2012-08-13,61.167971,134.27,57.95,20.0
2012-08-06,59.195338,133.39,57.95,20.0
2012-07-30,58.42288,132.78,57.95,20.0
2012-07-23,57.232549999999996,132.21,57.95,20.0
2012-07-16,58.539888,131.49,57.95,20.0
2012-07-09,55.92691,131.06,57.95,20.0
2012-07-02,54.52092,130.5,57.95,20.0
2012-06-25,54.085536,131.55,57.95,20.0
2012-06-18,51.158064,131.99,57.95,20.0
2012-06-11,53.459886,133.67,57.95,20.0
2012-06-04,54.34542,134.06,57.95,20.0
2012-05-28,54.174407,134.37,57.95,20.0
2012-05-21,58.014109999999995,135.77,57.95,20.0
2012-05-14,57.833656,138.29,57.95,20.0
2012-05-07,59.812085999999994,140.14,57.95,20.0
2012-04-30,60.965309999999995,141.0,57.95,20.0
2012-04-23,64.500471,141.76,57.95,20.0
2012-04-16,63.901304999999994,142.17,57.95,20.0
2012-04-09,64.88573,141.97,57.95,20.0
2012-04-02,65.023314,140.99,57.95,20.0
2012-03-26,64.33599000000001,139.48,57.95,20.0
2012-03-19,67.349474,138.96,57.95,20.0
2012-03-12,67.565566,137.9,57.95,20.0
2012-03-05,68.52120000000001,137.3,57.95,20.0
2012-02-27,67.39172,136.21,57.95,20.0
2012-02-20,69.10021499999999,135.21,57.95,20.0
2012-02-13,65.19605999999999,134.9,57.95,20.0
2012-02-06,62.675184,134.25,57.95,20.0
2012-01-30,61.844664,134.1,57.95,20.0
2012-01-23,63.280336000000005,133.72,57.95,20.0
2012-01-16,63.23101199999999,133.29,57.95,20.0
2012-01-09,64.40174999999999,132.68,57.95,20.0
2012-01-02,65.821036,132.4,57.95,20.0
2011-12-26,63.606987999999994,132.41,57.95,20.0
2011-12-19,63.904848,132.49,57.95,20.0
2011-12-12,60.252026,132.53,57.95,20.0
2011-12-05,63.47328499999999,132.78,57.95,20.0
2011-11-28,64.705264,133.17,57.95,20.0
2011-11-21,62.639221,133.38,57.95,20.0
2011-11-14,61.670271,133.68,57.95,20.0
2011-11-07,61.581678999999994,134.41,57.95,20.0
2011-10-31,58.79938800000001,134.73,57.95,20.0
2011-10-24,57.88639599999999,134.66,57.95,20.0
2011-10-17,54.782320000000006,134.49,57.95,20.0
2011-10-10,54.866279999999996,134.47,57.95,20.0
2011-10-03,53.322948,135.02,57.95,20.0
2011-09-26,50.82264000000001,135.65,57.95,20.0
2011-09-19,51.62302499999999,135.4,57.95,20.0
2011-09-12,55.713863999999994,135.0,57.95,20.0
2011-09-05,54.926304,134.62,57.95,20.0
2011-08-29,53.30507000000001,134.32,57.95,20.0
2011-08-22,52.143996,134.56,57.95,20.0
2011-08-15,49.964724000000004,135.95,57.95,20.0
2011-08-08,52.448933999999994,136.46,57.95,20.0
2011-08-01,52.99679999999999,136.07,57.95,20.0
2011-07-25,58.2813,135.66,57.95,20.0
2011-07-18,61.260258,134.97,57.95,20.0
2011-07-11,60.259628,134.18,57.95,20.0
2011-07-04,59.903740000000006,133.43,57.95,20.0
2011-06-27,59.052679999999995,134.86,57.95,20.0
2011-06-20,57.11173999999999,136.03,57.95,20.0
2011-06-13,57.424374,135.86,57.95,20.0
2011-06-06,61.152711000000004,135.62,57.95,20.0
2011-05-30,61.003914,135.57,57.95,20.0
2011-05-23,60.937422000000005,136.11,57.95,20.0
2011-05-16,61.30573799999999,136.4,57.95,20.0
2011-05-09,61.513945,137.05,57.95,20.0
2011-05-02,59.367262000000004,136.29,57.95,20.0
2011-04-25,68.209891,135.62,57.95,20.0
2011-04-18,68.014053,135.06,57.95,20.0
2011-04-11,67.188682,133.68,57.95,20.0
2011-04-04,68.835737,132.81,57.95,20.0
2011-03-28,66.987564,132.44,57.95,20.0
2011-03-21,65.71690000000001,133.11,58.95,20.0
2011-03-14,62.249013,132.18,58.95,20.0
2011-03-07,62.911404,131.28,58.95,20.0
2011-02-28,64.155648,129.72,58.95,20.0
2011-02-21,60.724751999999995,128.92,58.95,20.0
2011-02-14,53.06472000000001,128.73,58.95,20.0
2011-02-07,53.461826,128.64,58.95,20.0
2011-01-31,55.278727,128.55,58.95,20.0
2011-01-24,56.319936,128.35,58.95,20.0
2011-01-17,55.667017,127.87,58.95,20.0
2011-01-10,57.706816,127.4,58.95,20.0
2011-01-03,56.585684,124.85,58.95,17.5
2010-12-27,58.57458,123.44,58.19,17.5
2010-12-20,59.261876,122.31,58.19,17.5
2010-12-13,56.667276,121.68,58.19,17.5
2010-12-06,55.500838,120.54,58.19,17.5
2010-11-29,56.528622,119.21,58.19,17.5
2010-11-22,53.715288,118.99,58.19,17.5
2010-11-15,50.992656000000004,118.8,58.19,17.5
2010-11-08,52.608624,118.67,58.19,17.5
2010-11-01,53.681985,118.18,58.19,17.5
2010-10-25,50.763462,117.74,58.19,17.5
2010-10-18,52.077374999999996,117.28,58.19,17.5
2010-10-11,50.805625,116.78,58.19,17.5
2010-10-04,51.769957999999995,116.01,58.19,17.5
2010-09-27,51.574875999999996,115.39,57.19,17.5
2010-09-20,48.349329,115.06,57.19,17.5
2010-09-13,47.135034,114.66,57.19,17.5
2010-09-06,49.79953,114.59,57.19,17.5
2010-08-30,48.288579999999996,114.98,57.19,17.5
2010-08-23,48.424514,115.64,57.19,17.5
2010-08-16,47.293548,116.34,57.19,17.5
2010-08-09,48.332529,116.35,57.19,17.5
2010-08-02,50.606970000000004,116.51,57.19,17.5
2010-07-26,50.338519999999995,116.61,57.19,17.5
2010-07-19,51.163244000000006,116.85,57.19,17.5
2010-07-12,49.71054000000001,117.39,57.19,17.5
2010-07-05,50.508542,117.91,57.19,17.5
2010-06-28,47.453692000000004,117.88,57.19,17.5
2010-06-21,52.34726799999999,117.8,57.19,17.5
2010-06-14,52.050192,117.87,57.19,17.5
2010-06-07,50.72375,118.2,57.19,17.5
2010-05-31,49.449165,118.54,57.19,17.5
2010-05-24,51.135461,119.93,57.19,17.5
2010-05-17,48.404644000000005,121.3,57.19,17.5
2010-05-10,49.253358,121.31,57.19,17.5
2010-05-03,50.736805,121.18,57.19,17.5
2010-04-26,56.41963500000001,120.99,57.19,17.5
2010-04-19,55.345024,120.55,57.19,17.5
2010-04-12,54.18924,119.94,57.19,17.5
2010-04-05,55.231968,119.29,57.19,17.5
2010-03-29,55.802025,117.28,56.19,17.5
2010-03-22,53.68000000000001,116.59,56.19,17.5
2010-03-15,53.740948,115.46,56.19,17.5
2010-03-08,53.488415999999994,113.71,56.19,17.5
2010-03-01,53.847049999999996,112.42,56.19,17.5
2010-02-22,52.241028,111.56,56.19,17.5
2010-02-15,51.581203,111.89,56.19,17.5
2010-02-08,47.25046199999999,111.95,56.19,17.5
2010-02-01,45.518885999999995,111.91,56.19,17.5
2010-01-25,45.548961,111.87,56.19,17.5
2010-01-18,46.274432000000004,111.6,56.19,17.5
2010-01-11,47.9622,110.72,56.19,17.5
2010-01-04,51.627725,109.34,56.19,17.5
2009-12-28,49.076223999999996,107.44,56.19,15.0
2009-12-21,48.890519999999995,107.47,56.19,15.0
2009-12-14,45.424512,108.5,56.19,15.0
2009-12-07,42.991011,108.64,56.19,15.0
2009-11-30,45.878213,108.79,56.19,15.0
2009-11-23,46.17755999999999,108.73,56.19,15.0
2009-11-16,46.476976,108.48,56.19,15.0
2009-11-09,45.74128499999999,108.1,56.19,15.0
2009-11-02,46.581888000000006,107.43,56.19,15.0
2009-10-26,46.831399999999995,106.76,56.19,15.0
2009-10-19,49.3626,105.08,56.19,15.0
2009-10-12,48.013242000000005,104.71,56.19,15.0
2009-10-05,45.322754999999994,104.87,56.19,15.0
2009-09-28,43.879635,105.44,56.19,15.0
2009-09-21,41.381336,105.96,56.19,15.0
2009-09-14,44.27578400000001,106.43,56.19,15.0
2009-09-07,41.580929000000005,106.85,56.19,15.0
2009-08-31,41.4922,105.11,54.19,15.0
2009-08-24,44.713277999999995,104.7,54.19,15.0
2009-08-17,44.762562,103.96,54.19,15.0
2009-08-10,40.816546,103.01,54.19,15.0
2009-08-03,42.51544200000001,102.36,54.19,15.0
2009-07-27,41.538045,102.17,54.19,15.0
2009-07-20,41.41523,102.22,54.19,15.0
2009-07-13,38.917788,102.78,54.19,15.0
2009-07-06,36.970096999999996,103.57,54.19,15.0
2009-06-29,40.83876,103.3,54.19,15.0
2009-06-22,41.85563199999999,102.81,54.19,15.0
2009-06-15,42.13339,101.98,54.19,15.0
2009-06-08,43.807524,100.59,54.19,15.0
2009-06-01,42.829752,99.39,54.19,15.0
2009-05-25,40.972949,98.9,54.19,15.0
2009-05-18,38.697925,97.54,54.19,15.0
2009-05-11,37.15623,96.59,54.19,15.0
2009-05-04,38.455417000000004,95.6,54.19,15.0
2009-04-27,35.659960000000005,95.13,54.19,15.0
2009-04-20,35.121015,94.62,54.19,15.0
2009-04-13,34.02308,94.11,54.19,15.0
2009-04-06,35.606784,93.72,54.19,15.0
2009-03-30,35.402242,91.35,52.35,15.0
2009-03-23,36.566478000000004,90.16,52.35,15.0
2009-03-16,35.292672,90.16,52.35,15.0
2009-03-09,33.045625,90.15,52.35,15.0
2009-03-02,32.323752,90.28,52.35,15.0
2009-02-23,31.278287999999996,90.33,52.35,15.0
2009-02-16,26.954268,90.12,52.35,15.0
2009-02-09,26.076952,89.28,52.35,15.0
2009-02-02,27.130818,88.16,52.35,15.0
2009-01-26,28.713351999999997,87.42,52.35,15.0
2009-01-19,33.658221000000005,86.19,52.35,15.0
2009-01-12,24.757431,86.02,52.35,15.0
2009-01-05,26.886554999999998,85.42,52.35,15.0
2008-12-29,31.90509,87.34,52.35,15.0
2008-12-22,25.740846,88.01,52.35,15.0
2008-12-15,22.689513,89.07,52.35,15.0
2008-12-08,30.961320000000004,90.16,52.35,15.0
2008-12-01,27.665098999999998,91.47,52.35,15.0
2008-11-24,35.374057,92.79,50.35,17.5
2008-11-17,33.518009,94.83,50.35,17.5
2008-11-10,38.656008,95.89,50.35,17.5
2008-11-03,38.937416,97.4,50.35,17.5
2008-10-27,42.198163,98.62,50.35,17.5
2008-10-20,40.279785000000004,102.66,50.35,17.5
2008-10-13,41.565225,107.04,50.35,17.5
2008-10-06,45.58659,109.45,50.35,17.5
2008-09-29,52.995259999999995,109.85,50.35,17.5
2008-09-22,57.945069000000004,110.81,50.35,17.5
2008-09-15,57.084300000000006,112.51,50.35,17.5
2008-09-08,56.37749600000001,112.55,50.35,17.5
2008-09-01,60.168672,112.2,50.35,17.5
2008-08-25,63.399086,112.02,50.35,17.5
2008-08-18,61.878600000000006,112.22,50.35,17.5
2008-08-11,60.969343,113.92,50.35,17.5
2008-08-04,59.99616,115.06,50.35,17.5
2008-07-28,63.325619999999994,116.91,50.35,17.5
2008-07-21,61.913498,119.4,50.35,17.5
2008-07-14,64.491552,119.44,50.35,17.5
2008-07-07,72.888192,119.28,50.35,17.5
2008-06-30,73.269747,118.84,50.35,17.5
2008-06-23,70.301294,118.44,50.35,17.5
2008-06-16,68.158106,117.69,50.35,17.5
2008-06-09,69.27758200000001,116.86,50.35,17.5
2008-06-02,70.32290400000001,116.03,50.35,17.5
2008-05-26,64.23534,114.79,50.35,17.5
2008-05-19,66.76916899999999,112.96,50.35,17.5
2008-05-12,64.546819,111.04,50.35,17.5
2008-05-05,64.453732,110.3,50.35,17.5
2008-04-28,59.02076799999999,109.5,50.35,17.5
2008-04-21,59.722228,108.57,50.35,17.5
2008-04-14,58.415014000000006,107.61,50.35,17.5
2008-04-07,55.885036,107.24,50.35,17.5
2008-03-31,53.31683700000001,107.1,50.35,17.5
2008-03-24,52.957868,106.9,50.35,17.5
2008-03-17,51.368095999999994,106.41,50.35,17.5
2008-03-10,54.598034,105.96,50.35,17.5
2008-03-03,52.19646,105.24,50.35,17.5
2008-02-25,51.256071999999996,104.65,50.35,17.5
2008-02-18,50.225122999999996,103.7,50.35,17.5
2008-02-11,48.705,103.67,50.35,17.5
2008-02-04,47.169779999999996,104.03,50.35,17.5
2008-01-28,45.271744,104.22,50.35,17.5
2008-01-21,45.76319499999999,104.22,50.35,17.5
2008-01-14,46.344669,103.82,50.35,17.5
2008-01-07,47.36459,103.37,50.35,17.5
2007-12-31,49.659952,102.66,50.35,17.5
2007-12-24,48.1728,102.53,50.35,17.5
2007-12-17,47.046902,102.6,50.35,17.5
2007-12-10,45.279047,102.67,50.35,17.5
2007-12-03,43.460244,102.58,50.35,17.5
2007-11-26,43.139672999999995,102.13,50.35,17.5
2007-11-19,47.646754,101.47,50.35,17.5
2007-11-12,46.323209999999996,100.74,50.35,17.5
2007-11-05,46.069855999999994,99.36,50.35,17.5
2007-10-29,45.892912,98.26,50.35,17.5
2007-10-22,44.763378,97.81,50.35,17.5
2007-10-15,43.17478,97.19,50.35,17.5
2007-10-08,41.083421,97.14,50.35,17.5
2007-10-01,39.75719,96.39,50.35,17.5
2007-09-24,39.89091,94.91,48.35,17.5
2007-09-17,40.401900000000005,94.65,48.35,17.5
2007-09-10,39.38389,94.63,48.35,17.5
2007-09-03,37.790090000000006,94.8,48.35,17.5
2007-08-27,36.731244000000004,95.0,48.35,17.5
2007-08-20,35.289076,95.31,48.35,17.5
2007-08-13,36.33550400000001,96.0,48.35,17.5
2007-08-06,35.313327,96.15,48.35,17.5
2007-07-30,37.007844000000006,96.2,48.35,17.5
2007-07-23,38.04788,96.23,48.35,17.5
2007-07-16,36.764804999999996,96.21,48.35,17.5
2007-07-09,36.336595,96.2,48.35,17.5
2007-07-02,36.222975,96.36,48.35,17.5
2007-06-25,35.16330000000001,96.54,48.35,17.5
2007-06-18,34.583828,96.56,48.35,17.5
2007-06-11,34.408,96.61,48.35,17.5
2007-06-04,32.8657,96.51,48.35,17.5
2007-05-28,32.839368,96.16,48.35,17.5
2007-05-21,32.86732,95.71,48.35,17.5
2007-05-14,32.885616,95.07,48.35,17.5
2007-05-07,31.490613,94.43,48.35,17.5
2007-04-30,31.08886,93.45,48.35,17.5
2007-04-23,33.26322999999999,92.93,48.35,17.5
2007-04-16,31.651972,91.99,48.35,17.5
2007-04-02,32.712092,90.47,48.35,17.5
2007-03-26,33.468547,89.32,48.35,17.5
2007-03-19,31.750344000000002,88.93,48.35,17.5
2007-03-12,29.400228000000002,88.48,48.35,17.5
2007-03-05,31.093890000000002,87.74,48.35,17.5
2007-02-26,31.713779999999996,87.07,48.35,17.5
2007-02-19,31.138602,86.6,48.35,17.5
2007-02-12,30.449253000000002,86.12,48.35,17.5
2007-02-05,30.711592000000003,85.62,48.35,17.5
2007-01-29,29.999866,85.66,48.35,17.5
2007-01-22,28.275284,86.28,48.35,17.5
2007-01-15,26.338134000000004,87.1,48.35,17.5
2007-01-08,27.056694000000004,87.66,48.35,17.5
2007-01-01,29.174211000000003,87.85,48.35,17.5
2006-12-25,31.172130000000003,87.9,48.35,17.5
2006-12-18,31.847822999999998,87.7,48.35,17.5
2006-12-11,32.488846,87.44,48.35,17.5
2006-12-04,31.753157,85.46,47.1,17.5
2006-11-27,32.038493,85.47,47.1,17.5
2006-11-20,30.662623999999997,85.45,47.1,17.5
2006-11-13,29.439775,85.49,47.1,17.5
2006-11-06,31.177488,85.54,47.1,17.5
2006-10-30,31.113554,85.6,47.1,17.5
2006-10-23,31.984875,85.74,47.1,17.5
2006-10-16,30.165738,85.91,47.1,17.5
2006-10-09,31.551658999999997,86.6,47.1,17.5
2006-10-02,31.947695999999997,86.95,47.1,17.5
2006-09-25,33.606522,88.2,47.1,17.5
2006-09-18,31.873519999999996,89.78,47.1,17.5
2006-09-11,33.69156,91.48,47.1,17.5
2006-09-04,35.549749999999996,92.88,47.1,17.5
2006-08-28,36.290155,94.4,47.1,17.5
2006-08-21,38.437551000000006,95.74,47.1,17.5
2006-08-14,37.782454,97.82,47.1,17.5
2006-08-07,39.338584999999995,98.05,47.1,17.5
2006-07-31,39.189192000000006,97.83,47.1,17.5
2006-07-24,39.278611999999995,97.78,47.1,17.5
2006-07-17,40.028453999999996,96.88,47.1,17.5
2006-07-10,41.896617000000006,95.69,47.1,17.5
2006-07-03,40.038236,95.27,47.1,17.5
2006-06-26,40.010916,94.97,47.1,17.5
2006-06-19,38.978500000000004,95.44,47.1,17.5
2006-06-12,37.763152,95.49,47.1,17.5
2006-06-05,38.902253,95.24,47.1,17.5
2006-05-29,38.428929,95.36,47.1,17.5
2006-05-22,38.382785999999996,96.1,47.1,17.5
2006-05-15,36.499078,96.39,47.1,17.5
2006-05-08,38.0011,96.46,47.1,17.5
2006-05-01,37.74818199999999,96.13,47.1,17.5
2006-04-24,39.354299999999995,95.35,47.1,17.5
2006-04-10,39.588651999999996,92.77,47.1,17.5
2006-04-03,38.654904,91.78,47.1,17.5
2006-03-27,38.332239,91.16,47.1,17.5
2006-03-20,36.865962,90.19,47.1,17.5
2006-03-13,35.734961000000006,89.55,47.1,17.5
2006-03-06,34.722836,89.37,47.1,17.5
2006-02-27,36.285533,89.51,47.1,17.5
2006-02-20,36.053721,89.6,47.1,17.5
2006-02-13,34.383096,89.65,47.1,17.5
2006-02-06,35.459056000000004,89.73,47.1,17.5
2006-01-30,37.090938,89.88,47.1,17.5
2006-01-23,38.325056000000004,89.55,47.1,17.5
2006-01-16,38.597244999999994,89.01,47.1,17.5
2006-01-09,35.999744,88.56,47.1,17.5
2006-01-02,36.272228999999996,88.03,47.1,17.5
2005-12-26,35.458135999999996,87.88,47.1,17.5
2005-12-19,33.684895,87.56,47.1,17.5
2005-12-12,32.763258,87.2,47.1,17.5
2005-12-05,33.834483,87.35,47.1,17.5
2005-11-28,34.221708,87.35,47.1,17.5
2005-11-21,34.245543000000005,88.61,47.1,17.5
2005-11-14,32.695936,90.53,47.1,17.5
2005-11-07,33.027973,92.47,47.1,17.5
2005-10-31,34.609354,92.79,47.1,17.5
2005-10-24,34.534202,93.47,47.1,17.5
2005-10-17,34.280202,94.14,47.1,17.5
2005-10-10,35.411002,94.25,47.1,17.5
2005-10-03,35.112752,93.51,47.1,17.5
2005-09-26,37.551455999999995,93.33,47.1,17.5
2005-09-19,36.087618,94.41,47.1,17.5
2005-09-12,34.8264,95.07,47.1,17.5
2005-09-05,34.833887999999995,94.37,47.1,17.5
2005-08-29,36.683753,91.42,47.1,17.5
2005-08-22,36.741828,90.77,47.1,17.5
2005-08-15,36.406484999999996,90.56,47.1,17.5
2005-08-08,36.866604,89.67,47.1,17.5
2005-08-01,35.055606,89.25,47.1,17.5
2005-07-25,34.476444,89.0,47.1,17.5
2005-07-18,33.70029,88.55,47.1,17.5
2005-07-11,33.157772,87.73,47.1,17.5
2005-07-04,34.299176,87.49,47.1,17.5
2005-06-27,33.246624999999995,86.73,47.1,17.5
2005-06-20,32.798304,85.52,47.1,17.5
2005-06-13,31.930467,84.99,47.1,17.5
2005-06-06,29.414876,84.01,47.1,17.5
2005-05-30,30.321530000000003,84.18,47.1,17.5
2005-05-23,28.408615000000005,84.77,47.1,17.5
2005-05-16,25.61364,85.27,47.1,17.5
2005-05-09,26.325603000000005,85.36,47.1,17.5
2005-05-02,26.845728,85.44,47.1,17.5
2005-04-25,26.05328,85.51,47.1,17.5
2005-04-18,28.91358,85.63,47.1,17.5
2005-04-11,26.673867,85.61,47.1,17.5
2005-04-04,28.275596,83.91,47.1,17.5
2005-03-28,30.444732,83.4,47.1,17.5
2005-03-21,29.328432000000006,82.7,47.1,17.5
2005-03-14,29.522759999999998,81.64,47.1,17.5
2005-03-07,28.270941999999998,81.16,47.1,17.5
2005-02-28,27.960222,80.45,47.1,17.5
2005-02-21,26.836588000000003,80.15,47.1,17.5
2005-02-14,25.519130000000004,80.03,47.1,17.5
2005-02-07,25.254179999999998,79.84,47.1,17.5
2005-01-31,24.783136,79.54,47.1,17.5
2005-01-24,24.986527999999996,78.93,47.1,17.5
2005-01-17,25.837372,78.93,47.1,17.5
2005-01-10,25.863948,79.84,47.1,17.5
2005-01-03,24.295964,81.17,47.1,17.5
2004-12-27,22.646140000000003,81.2,47.1,17.5
2004-12-20,22.964764000000002,81.46,47.1,17.5
2004-12-13,23.834200000000003,82.73,47.1,17.5
2004-12-06,21.258762,84.06,47.1,17.5
2004-11-29,21.886829999999996,84.17,47.1,17.5
2004-11-22,26.099376,81.46,47.1,17.5
2004-11-15,26.080095999999998,84.26,47.1,17.5
2004-11-08,25.486552,84.34,47.1,17.5
2004-11-01,26.739790000000003,84.27,47.1,17.5
2004-10-25,28.15744,83.94,47.1,17.5
2004-10-18,30.166956,83.35,47.1,17.5
2004-10-11,30.447699,83.11,47.1,17.5
2004-10-04,29.709663000000003,82.05,47.1,17.5
2004-09-27,27.851684,81.63,47.1,17.5
2004-09-20,27.084408000000003,81.28,47.1,17.5
2004-09-13,25.430102,81.31,47.1,17.5
2004-09-06,23.810922,81.37,47.1,17.5
2004-08-23,24.107394,81.51,47.1,17.5
2004-08-16,26.29907,81.25,47.1,17.5
2004-08-09,25.19978,81.18,47.1,17.5
2004-08-02,23.886825,80.86,47.1,17.5
2004-07-26,24.06372,80.87,47.1,17.5
2004-07-19,22.756975999999998,80.84,47.1,17.5
2004-07-12,22.031625000000002,80.34,47.1,17.5
2004-07-05,21.486492,79.87,47.1,17.5
2004-06-28,20.964779,80.41,47.1,17.5
2004-06-21,20.554869999999998,81.04,47.1,17.5
2004-06-14,21.083875000000003,81.54,47.1,17.5
2004-06-07,21.159035000000003,82.44,47.1,17.5
2004-05-31,20.927013,82.35,47.1,17.5
2004-05-24,21.762516,82.13,47.1,17.5
2004-05-17,22.324863,81.49,47.1,17.5
2004-05-10,23.532806,80.3,47.1,17.5
2004-04-26,21.007560000000005,78.4,47.1,17.5
2004-04-19,20.588962,78.04,47.1,17.5
2004-04-12,21.00231,77.88,47.1,17.5
2004-04-05,20.285868,77.86,47.1,17.5
2004-03-29,18.776940000000003,77.59,47.1,17.5
2004-03-22,19.676510999999998,77.44,47.1,17.5
2004-03-15,20.780255999999998,77.39,47.1,17.5
2004-03-08,20.067355,76.73,47.1,17.5
2004-03-01,20.180016,76.32,47.1,17.5
2004-02-23,19.356447999999997,76.38,47.1,17.5
2004-02-16,19.13856,76.44,47.1,17.5
2004-02-09,18.327168,76.5,47.1,17.5
2004-02-02,17.581424,76.48,47.1,17.5
2004-01-26,18.118009999999998,76.44,47.1,17.5
2004-01-19,19.129649999999998,76.36,47.1,17.5
2004-01-12,19.481385,75.9,47.1,17.5
2004-01-05,18.554848,75.88,47.1,17.5
2003-12-29,18.133152000000003,75.94,47.1,17.5
2003-12-22,18.54947,75.92,47.1,17.5
2003-12-15,18.68932,75.96,47.1,17.5
2003-12-08,18.915399999999998,75.97,47.1,17.5
2003-12-01,17.777305000000002,76.0,47.1,17.5
2003-11-24,17.653005,76.02,47.1,17.5
2003-11-17,18.561392,75.93,47.1,17.5
2003-11-10,19.182461999999997,75.94,47.1,17.5
2003-11-03,18.42362,76.0,47.1,17.5
2003-10-27,17.171989,76.0,47.1,17.5
2003-10-20,17.788368,76.05,47.1,17.5
2003-10-13,18.276076,75.9,47.1,17.5
2003-10-06,19.204379,76.43,47.1,17.5
2003-09-29,18.2704,76.08,45.82,17.5
2003-09-22,16.974848,76.15,45.82,17.5
2003-09-15,16.520736,76.2,45.82,17.5
2003-09-08,17.637653,76.23,45.82,17.5
2003-09-01,18.182848,76.13,45.82,17.5
2003-08-18,20.2184,75.81,45.82,17.5
2003-08-11,19.44351,75.44,45.82,17.5
2003-08-04,20.061011999999998,75.12,45.82,17.5
2003-07-28,20.058048000000003,75.1,45.82,17.5
2003-07-21,18.626958,75.07,45.82,17.5
2003-07-14,20.083664,74.21,45.82,17.5
2003-07-07,19.180896,74.28,45.82,17.5
2003-06-30,18.242874,74.35,45.82,17.5
2003-06-23,17.746401,74.42,45.82,17.5
2003-06-16,18.519738,74.47,45.82,17.5
2003-06-09,18.319505,74.59,45.82,17.5
