"Date","Price","Open","High","Low","Change %"
"Jun 26, 2022","0.8266","0.8154","0.8350","0.8109","1.39%"
"Jun 19, 2022","0.8153","0.8180","0.8223","0.8113","-0.32%"
"Jun 12, 2022","0.8179","0.8112","0.8380","0.8059","0.75%"
"Jun 05, 2022","0.8118","0.8004","0.8130","0.7936","1.41%"
"May 29, 2022","0.8005","0.7926","0.8027","0.7898","1.02%"
"May 22, 2022","0.7924","0.8013","0.8019","0.7894","-1.02%"
"May 15, 2022","0.8006","0.8173","0.8186","0.7983","-1.80%"
"May 08, 2022","0.8153","0.8105","0.8227","0.8060","0.62%"
"May 01, 2022","0.8103","0.7944","0.8146","0.7911","1.90%"
"Apr 24, 2022","0.7952","0.7775","0.8058","0.7775","2.11%"
"Apr 17, 2022","0.7788","0.7657","0.7799","0.7638","1.72%"
"Apr 10, 2022","0.7656","0.7667","0.7709","0.7605","-0.21%"
"Apr 03, 2022","0.7672","0.7625","0.7703","0.7594","0.63%"
"Mar 27, 2022","0.7624","0.7582","0.7663","0.7581","0.50%"
"Mar 20, 2022","0.7586","0.7586","0.7623","0.7519","-0.01%"
"Mar 13, 2022","0.7587","0.7670","0.7693","0.7568","-1.07%"
"Mar 06, 2022","0.7669","0.7560","0.7677","0.7546","1.46%"
"Feb 27, 2022","0.7559","0.7459","0.7575","0.7441","1.35%"
"Feb 20, 2022","0.7458","0.7356","0.7535","0.7331","1.39%"
"Feb 13, 2022","0.7356","0.7373","0.7416","0.7329","-0.22%"
"Feb 06, 2022","0.7372","0.7391","0.7413","0.7329","-0.24%"
"Jan 30, 2022","0.7390","0.7462","0.7470","0.7337","-0.93%"
"Jan 23, 2022","0.7459","0.7377","0.7487","0.7372","1.13%"
"Jan 16, 2022","0.7376","0.7313","0.7383","0.7304","0.88%"
"Jan 09, 2022","0.7312","0.7359","0.7390","0.7272","-0.61%"
"Jan 02, 2022","0.7357","0.7390","0.7446","0.7353","-0.43%"
"Dec 26, 2021","0.7389","0.7470","0.7470","0.7380","-1.07%"
"Dec 19, 2021","0.7469","0.7549","0.7592","0.7441","-1.10%"
"Dec 12, 2021","0.7552","0.7555","0.7592","0.7476","0.25%"
"Dec 05, 2021","0.7533","0.7551","0.7595","0.7523","-0.30%"
"Nov 28, 2021","0.7556","0.7495","0.7579","0.7478","0.80%"
"Nov 21, 2021","0.7496","0.7432","0.7531","0.7430","0.86%"
"Nov 14, 2021","0.7432","0.7450","0.7465","0.7399","-0.28%"
"Nov 07, 2021","0.7453","0.7408","0.7489","0.7348","0.62%"
"Oct 31, 2021","0.7407","0.7308","0.7449","0.7300","1.44%"
"Oct 24, 2021","0.7302","0.7270","0.7316","0.7230","0.44%"
"Oct 17, 2021","0.7270","0.7272","0.7295","0.7228","-0.01%"
"Oct 10, 2021","0.7271","0.7346","0.7370","0.7260","-1.01%"
"Oct 03, 2021","0.7345","0.7382","0.7390","0.7322","-0.49%"
"Sep 26, 2021","0.7381","0.7309","0.7456","0.7283","0.94%"
"Sep 19, 2021","0.7312","0.7275","0.7348","0.7270","0.51%"
"Sep 12, 2021","0.7275","0.7224","0.7285","0.7187","0.71%"
"Sep 05, 2021","0.7224","0.7213","0.7286","0.7200","0.18%"
"Aug 29, 2021","0.7211","0.7268","0.7283","0.7198","-0.77%"
"Aug 22, 2021","0.7267","0.7335","0.7347","0.7256","-0.99%"
"Aug 15, 2021","0.7340","0.7226","0.7352","0.7205","1.79%"
"Aug 08, 2021","0.7211","0.7205","0.7251","0.7196","0.06%"
"Aug 01, 2021","0.7207","0.7194","0.7215","0.7164","0.21%"
"Jul 25, 2021","0.7192","0.7271","0.7280","0.7151","-1.14%"
"Jul 18, 2021","0.7275","0.7253","0.7369","0.7253","0.18%"
"Jul 11, 2021","0.7262","0.7193","0.7268","0.7189","0.96%"
"Jul 04, 2021","0.7193","0.7235","0.7278","0.7189","-0.50%"
"Jun 27, 2021","0.7229","0.7203","0.7282","0.7174","0.33%"
"Jun 20, 2021","0.7205","0.7241","0.7254","0.7142","-0.48%"
"Jun 13, 2021","0.7240","0.7083","0.7251","0.7075","2.14%"
"Jun 06, 2021","0.7088","0.7057","0.7106","0.7047","0.35%"
"May 30, 2021","0.7063","0.7052","0.7101","0.7018","0.23%"
"May 23, 2021","0.7047","0.7063","0.7096","0.7032","-0.28%"
"May 16, 2021","0.7067","0.7097","0.7104","0.7025","-0.35%"
"May 09, 2021","0.7092","0.7153","0.7154","0.7059","-0.88%"
"May 02, 2021","0.7155","0.7232","0.7247","0.7139","-1.13%"
"Apr 25, 2021","0.7237","0.7208","0.7246","0.7154","0.43%"
"Apr 18, 2021","0.7206","0.7232","0.7242","0.7138","-0.32%"
"Apr 11, 2021","0.7229","0.7294","0.7316","0.7223","-0.88%"
"Apr 04, 2021","0.7293","0.7232","0.7315","0.7184","0.90%"
"Mar 28, 2021","0.7228","0.7250","0.7297","0.7218","-0.33%"
"Mar 21, 2021","0.7252","0.7212","0.7315","0.7206","0.61%"
"Mar 14, 2021","0.7208","0.7184","0.7242","0.7142","0.39%"
"Mar 07, 2021","0.7180","0.7227","0.7247","0.7140","-0.60%"
"Feb 28, 2021","0.7223","0.7174","0.7257","0.7134","0.65%"
"Feb 21, 2021","0.7176","0.7135","0.7200","0.7024","0.59%"
"Feb 14, 2021","0.7134","0.7222","0.7232","0.7125","-1.23%"
"Feb 07, 2021","0.7223","0.7284","0.7310","0.7211","-0.78%"
"Jan 31, 2021","0.7280","0.7292","0.7371","0.7268","-0.25%"
"Jan 24, 2021","0.7298","0.7310","0.7348","0.7266","-0.11%"
"Jan 17, 2021","0.7306","0.7356","0.7397","0.7275","-0.71%"
"Jan 10, 2021","0.7358","0.7371","0.7434","0.7293","-0.18%"
"Jan 03, 2021","0.7371","0.7318","0.7390","0.7297","0.79%"
"Dec 27, 2020","0.7313","0.7382","0.7447","0.7307","-0.89%"
"Dec 20, 2020","0.7379","0.7421","0.7582","0.7342","-0.20%"
"Dec 13, 2020","0.7394","0.7530","0.7534","0.7339","-2.20%"
"Dec 06, 2020","0.7560","0.7436","0.7613","0.7419","1.63%"
"Nov 29, 2020","0.7439","0.7511","0.7527","0.7385","-0.93%"
"Nov 22, 2020","0.7509","0.7534","0.7539","0.7463","-0.24%"
"Nov 15, 2020","0.7527","0.7588","0.7598","0.7512","-0.73%"
"Nov 08, 2020","0.7582","0.7597","0.7631","0.7513","-0.22%"
"Nov 01, 2020","0.7599","0.7724","0.7780","0.7588","-1.63%"
"Oct 25, 2020","0.7725","0.7664","0.7764","0.7645","0.77%"
"Oct 18, 2020","0.7666","0.7743","0.7758","0.7588","-0.97%"
"Oct 11, 2020","0.7741","0.7676","0.7775","0.7643","1.02%"
"Oct 04, 2020","0.7663","0.7732","0.7785","0.7662","-0.83%"
"Sep 27, 2020","0.7727","0.7844","0.7847","0.7704","-1.48%"
"Sep 20, 2020","0.7843","0.7738","0.7890","0.7711","1.32%"
"Sep 13, 2020","0.7741","0.7811","0.7828","0.7688","-0.93%"
"Sep 06, 2020","0.7814","0.7534","0.7835","0.7527","3.80%"
"Aug 30, 2020","0.7528","0.7500","0.7590","0.7416","0.53%"
"Aug 23, 2020","0.7488","0.7642","0.7661","0.7487","-1.96%"
"Aug 16, 2020","0.7638","0.7642","0.7658","0.7537","-0.04%"
"Aug 09, 2020","0.7641","0.7667","0.7690","0.7608","-0.25%"
"Aug 02, 2020","0.7660","0.7637","0.7704","0.7584","0.25%"
"Jul 26, 2020","0.7641","0.7821","0.7825","0.7592","-2.25%"
"Jul 19, 2020","0.7817","0.7958","0.7989","0.7810","-1.76%"
"Jul 12, 2020","0.7957","0.7929","0.8013","0.7894","0.44%"
"Jul 05, 2020","0.7922","0.8009","0.8026","0.7892","-1.09%"
"Jun 28, 2020","0.8009","0.8104","0.8163","0.7980","-1.20%"
"Jun 21, 2020","0.8107","0.8094","0.8121","0.7972","0.19%"
"Jun 14, 2020","0.8092","0.7980","0.8102","0.7881","1.49%"
"Jun 07, 2020","0.7973","0.7886","0.8017","0.7804","0.98%"
"May 31, 2020","0.7896","0.8105","0.8116","0.7854","-2.51%"
"May 24, 2020","0.8099","0.8211","0.8221","0.8067","-1.40%"
"May 17, 2020","0.8214","0.8274","0.8281","0.8132","-0.56%"
"May 10, 2020","0.8260","0.8061","0.8263","0.8040","2.51%"
"May 03, 2020","0.8059","0.8001","0.8153","0.7997","0.77%"
"Apr 26, 2020","0.7997","0.8084","0.8091","0.7910","-1.08%"
"Apr 19, 2020","0.8084","0.8008","0.8166","0.7997","1.06%"
"Apr 12, 2020","0.8000","0.8023","0.8060","0.7907","-0.37%"
"Apr 05, 2020","0.8030","0.8154","0.8221","0.8008","-1.54%"
"Mar 29, 2020","0.8156","0.8042","0.8192","0.8015","1.60%"
"Mar 22, 2020","0.8027","0.8576","0.8736","0.8009","-6.54%"
"Mar 15, 2020","0.8589","0.8140","0.8765","0.8044","5.46%"
"Mar 08, 2020","0.8144","0.7664","0.8151","0.7575","6.28%"
"Mar 01, 2020","0.7663","0.7813","0.7851","0.7659","-1.76%"
"Feb 23, 2020","0.7800","0.7714","0.7857","0.7681","1.17%"
"Feb 16, 2020","0.7710","0.7671","0.7783","0.7661","0.60%"
"Feb 09, 2020","0.7664","0.7754","0.7769","0.7651","-1.19%"
"Feb 02, 2020","0.7756","0.7565","0.7763","0.7565","2.39%"
"Jan 26, 2020","0.7575","0.7648","0.7708","0.7570","-0.94%"
"Jan 19, 2020","0.7647","0.7692","0.7715","0.7590","-0.52%"
"Jan 12, 2020","0.7687","0.7661","0.7721","0.7622","0.39%"
"Jan 05, 2020","0.7657","0.7649","0.7685","0.7569","0.21%"
"Dec 29, 2019","0.7641","0.7654","0.7661","0.7527","-0.08%"
"Dec 22, 2019","0.7647","0.7696","0.7749","0.7623","-0.56%"
"Dec 15, 2019","0.7690","0.7498","0.7705","0.7450","2.48%"
"Dec 08, 2019","0.7504","0.7611","0.7662","0.7398","-1.42%"
"Dec 01, 2019","0.7612","0.7742","0.7755","0.7595","-1.55%"
"Nov 24, 2019","0.7732","0.7782","0.7795","0.7721","-0.78%"
"Nov 17, 2019","0.7793","0.7748","0.7798","0.7700","0.53%"
"Nov 10, 2019","0.7752","0.7827","0.7827","0.7741","-1.00%"
"Nov 03, 2019","0.7830","0.7725","0.7833","0.7723","1.28%"
"Oct 27, 2019","0.7731","0.7798","0.7809","0.7706","-0.87%"
"Oct 20, 2019","0.7799","0.7738","0.7821","0.7684","1.17%"
"Oct 13, 2019","0.7709","0.7920","0.7989","0.7698","-2.49%"
"Oct 06, 2019","0.7906","0.8113","0.8200","0.7869","-2.49%"
"Sep 29, 2019","0.8108","0.8138","0.8193","0.8055","-0.36%"
"Sep 22, 2019","0.8137","0.8020","0.8149","0.7997","1.53%"
"Sep 15, 2019","0.8014","0.8000","0.8069","0.7947","0.19%"
"Sep 08, 2019","0.7999","0.8127","0.8174","0.7995","-1.76%"
"Sep 01, 2019","0.8142","0.8231","0.8363","0.8094","-1.01%"
"Aug 25, 2019","0.8225","0.8160","0.8238","0.8122","0.99%"
"Aug 18, 2019","0.8144","0.8232","0.8289","0.8134","-1.04%"
"Aug 11, 2019","0.8230","0.8300","0.8323","0.8213","-0.99%"
"Aug 04, 2019","0.8312","0.8236","0.8317","0.8190","1.03%"
"Jul 28, 2019","0.8227","0.8073","0.8279","0.8071","1.87%"
"Jul 21, 2019","0.8076","0.7996","0.8082","0.7986","0.96%"
"Jul 14, 2019","0.7999","0.7953","0.8077","0.7948","0.58%"
"Jul 07, 2019","0.7953","0.7990","0.8040","0.7950","-0.40%"
"Jun 30, 2019","0.7985","0.7877","0.8013","0.7869","1.37%"
"Jun 23, 2019","0.7877","0.7861","0.7899","0.7822","0.37%"
"Jun 16, 2019","0.7848","0.7937","0.7997","0.7844","-1.18%"
"Jun 09, 2019","0.7942","0.7870","0.7950","0.7837","1.15%"
"Jun 02, 2019","0.7852","0.7920","0.7931","0.7834","-0.78%"
"May 26, 2019","0.7914","0.7859","0.7964","0.7841","0.61%"
"May 19, 2019","0.7866","0.7861","0.7934","0.7803","0.06%"
"May 12, 2019","0.7861","0.7693","0.7866","0.7667","2.20%"
"May 05, 2019","0.7692","0.7625","0.7712","0.7584","1.33%"
"Apr 28, 2019","0.7591","0.7737","0.7749","0.7588","-1.94%"
"Apr 21, 2019","0.7741","0.7696","0.7773","0.7681","0.62%"
"Apr 14, 2019","0.7693","0.7649","0.7705","0.7622","0.65%"
"Apr 07, 2019","0.7643","0.7671","0.7681","0.7614","-0.35%"
"Mar 31, 2019","0.7670","0.7670","0.7700","0.7577","-0.04%"
"Mar 24, 2019","0.7673","0.7572","0.7705","0.7536","1.36%"
"Mar 17, 2019","0.7570","0.7526","0.7691","0.7512","0.65%"
"Mar 10, 2019","0.7521","0.7682","0.7724","0.7471","-2.08%"
"Mar 03, 2019","0.7681","0.7553","0.7700","0.7533","1.43%"
"Feb 24, 2019","0.7573","0.7650","0.7670","0.7491","-1.15%"
"Feb 17, 2019","0.7661","0.7757","0.7757","0.7628","-1.25%"
"Feb 10, 2019","0.7758","0.7723","0.7829","0.7716","0.45%"
"Feb 03, 2019","0.7723","0.7642","0.7780","0.7631","1.02%"
"Jan 27, 2019","0.7645","0.7580","0.7667","0.7567","0.91%"
"Jan 20, 2019","0.7576","0.7763","0.7795","0.7565","-2.46%"
"Jan 13, 2019","0.7767","0.7784","0.7892","0.7691","-0.19%"
"Jan 06, 2019","0.7782","0.7855","0.7871","0.7772","-1.00%"
"Dec 30, 2018","0.7861","0.7884","0.8040","0.7803","-0.11%"
"Dec 23, 2018","0.7870","0.7904","0.7927","0.7826","-0.59%"
"Dec 16, 2018","0.7917","0.7942","0.7956","0.7869","-0.36%"
"Dec 09, 2018","0.7946","0.7856","0.8014","0.7837","1.15%"
"Dec 02, 2018","0.7856","0.7833","0.7900","0.7788","0.22%"
"Nov 25, 2018","0.7839","0.7781","0.7860","0.7773","0.45%"
"Nov 18, 2018","0.7804","0.7795","0.7835","0.7734","0.19%"
"Nov 11, 2018","0.7789","0.7716","0.7859","0.7650","1.08%"
"Nov 04, 2018","0.7706","0.7677","0.7719","0.7590","-0.04%"
"Oct 28, 2018","0.7709","0.7796","0.7877","0.7668","-1.07%"
"Oct 21, 2018","0.7792","0.7653","0.7827","0.7639","1.86%"
"Oct 14, 2018","0.7650","0.7610","0.7686","0.7554","0.64%"
"Oct 07, 2018","0.7601","0.7629","0.7675","0.7540","-0.25%"
"Sep 30, 2018","0.7620","0.7673","0.7739","0.7618","-0.70%"
"Sep 23, 2018","0.7674","0.7652","0.7692","0.7565","0.35%"
"Sep 16, 2018","0.7647","0.7653","0.7660","0.7519","-0.08%"
"Sep 09, 2018","0.7653","0.7732","0.7755","0.7608","-1.11%"
"Sep 02, 2018","0.7739","0.7710","0.7823","0.7675","0.34%"
"Aug 26, 2018","0.7713","0.7789","0.7795","0.7667","-0.86%"
"Aug 19, 2018","0.7780","0.7848","0.7856","0.7729","-0.79%"
"Aug 12, 2018","0.7842","0.7833","0.7899","0.7795","0.13%"
"Aug 05, 2018","0.7832","0.7687","0.7861","0.7681","1.87%"
"Jul 29, 2018","0.7688","0.7639","0.7709","0.7591","0.80%"
"Jul 22, 2018","0.7627","0.7687","0.7687","0.7569","0.17%"
"Jul 15, 2018","0.7614","0.7560","0.7718","0.7522","0.77%"
"Jul 08, 2018","0.7556","0.7516","0.7632","0.7483","0.39%"
"Jul 01, 2018","0.7527","0.7587","0.7637","0.7523","-0.58%"
"Jun 24, 2018","0.7571","0.7534","0.7663","0.7522","0.46%"
"Jun 17, 2018","0.7536","0.7540","0.7633","0.7510","0.12%"
"Jun 10, 2018","0.7527","0.7461","0.7570","0.7436","0.95%"
"Jun 03, 2018","0.7456","0.7498","0.7522","0.7422","-0.47%"
"May 27, 2018","0.7491","0.7514","0.7573","0.7482","-0.31%"
"May 20, 2018","0.7514","0.7423","0.7523","0.7412","1.24%"
"May 13, 2018","0.7422","0.7377","0.7435","0.7348","0.53%"
"May 06, 2018","0.7383","0.7389","0.7430","0.7343","-0.08%"
"Apr 29, 2018","0.7389","0.7254","0.7416","0.7250","1.82%"
"Apr 22, 2018","0.7257","0.7133","0.7274","0.7127","1.64%"
"Apr 15, 2018","0.7140","0.7016","0.7145","0.6955","1.68%"
"Apr 08, 2018","0.7022","0.7093","0.7103","0.6994","-1.04%"
"Apr 01, 2018","0.7096","0.7126","0.7161","0.7089","-0.53%"
"Mar 25, 2018","0.7134","0.7073","0.7138","0.7020","0.82%"
"Mar 18, 2018","0.7076","0.7177","0.7188","0.7033","-1.37%"
"Mar 11, 2018","0.7174","0.7220","0.7225","0.7144","-0.65%"
"Mar 04, 2018","0.7221","0.7256","0.7264","0.7178","-0.32%"
"Feb 25, 2018","0.7244","0.7156","0.7294","0.7107","1.19%"
"Feb 18, 2018","0.7159","0.7127","0.7218","0.7117","0.53%"
"Feb 11, 2018","0.7121","0.7232","0.7248","0.7069","-1.47%"
"Feb 04, 2018","0.7227","0.7077","0.7267","0.7067","2.06%"
"Jan 28, 2018","0.7081","0.7060","0.7154","0.7003","0.34%"
"Jan 21, 2018","0.7057","0.7208","0.7217","0.6971","-2.24%"
"Jan 14, 2018","0.7219","0.7284","0.7288","0.7171","-0.89%"
"Jan 07, 2018","0.7284","0.7369","0.7431","0.7277","-1.15%"
"Dec 31, 2017","0.7369","0.7399","0.7411","0.7345","-0.41%"
"Dec 24, 2017","0.7399","0.7486","0.7492","0.7383","-1.12%"
"Dec 17, 2017","0.7483","0.7499","0.7514","0.7451","-0.32%"
"Dec 10, 2017","0.7507","0.7467","0.7519","0.7428","0.52%"
"Dec 03, 2017","0.7468","0.7419","0.7509","0.7387","0.62%"
"Nov 26, 2017","0.7422","0.7498","0.7564","0.7379","-1.01%"
"Nov 19, 2017","0.7498","0.7565","0.7584","0.7484","-0.92%"
"Nov 12, 2017","0.7568","0.7585","0.7656","0.7541","-0.17%"
"Nov 05, 2017","0.7581","0.7642","0.7659","0.7559","-0.88%"
"Oct 29, 2017","0.7648","0.7622","0.7670","0.7508","0.41%"
"Oct 22, 2017","0.7617","0.7583","0.7651","0.7530","0.46%"
"Oct 15, 2017","0.7582","0.7514","0.7641","0.7511","0.73%"
"Oct 08, 2017","0.7527","0.7651","0.7660","0.7498","-1.65%"
"Oct 01, 2017","0.7653","0.7470","0.7678","0.7460","2.53%"
"Sep 24, 2017","0.7464","0.7410","0.7494","0.7368","0.72%"
"Sep 17, 2017","0.7411","0.7365","0.7435","0.7322","0.73%"
"Sep 10, 2017","0.7357","0.7573","0.7599","0.7344","-2.90%"
"Sep 03, 2017","0.7577","0.7715","0.7746","0.7560","-1.88%"
"Aug 27, 2017","0.7722","0.7750","0.7781","0.7694","-0.48%"
"Aug 20, 2017","0.7759","0.7770","0.7829","0.7742","-0.09%"
"Aug 13, 2017","0.7766","0.7699","0.7796","0.7679","1.05%"
"Aug 06, 2017","0.7685","0.7675","0.7728","0.7653","0.18%"
"Jul 30, 2017","0.7671","0.7613","0.7679","0.7537","0.76%"
"Jul 23, 2017","0.7613","0.7701","0.7701","0.7599","-1.07%"
"Jul 16, 2017","0.7695","0.7633","0.7734","0.7619","0.77%"
"Jul 09, 2017","0.7636","0.7761","0.7806","0.7625","-1.56%"
"Jul 02, 2017","0.7757","0.7682","0.7774","0.7678","1.04%"
"Jun 25, 2017","0.7677","0.7855","0.7872","0.7673","-2.37%"
"Jun 18, 2017","0.7863","0.7818","0.7944","0.7803","0.46%"
"Jun 11, 2017","0.7827","0.7855","0.7914","0.7799","-0.24%"
"Jun 04, 2017","0.7846","0.7780","0.7918","0.7707","1.11%"
"May 28, 2017","0.7760","0.7811","0.7834","0.7742","-0.64%"
"May 21, 2017","0.7810","0.7684","0.7828","0.7667","1.81%"
"May 14, 2017","0.7671","0.7758","0.7772","0.7663","-1.12%"
"May 07, 2017","0.7758","0.7700","0.7785","0.7696","0.71%"
"Apr 30, 2017","0.7703","0.7721","0.7794","0.7701","-0.25%"
"Apr 23, 2017","0.7722","0.7781","0.7832","0.7712","-1.05%"
"Apr 16, 2017","0.7804","0.7981","0.7991","0.7750","-2.25%"
"Apr 09, 2017","0.7984","0.8076","0.8087","0.7953","-1.21%"
"Apr 02, 2017","0.8082","0.7974","0.8087","0.7962","1.47%"
"Mar 26, 2017","0.7965","0.8005","0.8080","0.7926","-0.66%"
"Mar 19, 2017","0.8018","0.8064","0.8106","0.7978","-0.62%"
"Mar 12, 2017","0.8068","0.8215","0.8259","0.8060","-1.80%"
"Mar 05, 2017","0.8216","0.8134","0.8241","0.8129","1.01%"
"Feb 26, 2017","0.8134","0.8023","0.8190","0.8010","1.41%"
"Feb 19, 2017","0.8021","0.8056","0.8065","0.7955","-0.42%"
"Feb 12, 2017","0.8055","0.8013","0.8076","0.7968","0.62%"
"Feb 05, 2017","0.8005","0.8004","0.8099","0.7946","-0.04%"
"Jan 29, 2017","0.8008","0.7969","0.8057","0.7870","0.54%"
"Jan 22, 2017","0.7965","0.8095","0.8098","0.7894","-1.44%"
"Jan 15, 2017","0.8081","0.8285","0.8344","0.8053","-1.60%"
"Jan 08, 2017","0.8212","0.8151","0.8307","0.8119","0.91%"
"Jan 01, 2017","0.8138","0.8105","0.8202","0.8045","0.41%"
"Dec 25, 2016","0.8105","0.8147","0.8198","0.8073","-0.37%"
"Dec 18, 2016","0.8135","0.8006","0.8179","0.7998","1.66%"
"Dec 11, 2016","0.8002","0.7952","0.8086","0.7860","0.63%"
"Dec 04, 2016","0.7952","0.7857","0.7972","0.7827","1.22%"
"Nov 27, 2016","0.7856","0.8023","0.8079","0.7854","-1.98%"
"Nov 20, 2016","0.8015","0.8100","0.8124","0.7990","-1.05%"
"Nov 13, 2016","0.8100","0.7941","0.8130","0.7927","2.08%"
"Nov 06, 2016","0.7935","0.7992","0.8095","0.7890","-0.66%"
"Oct 30, 2016","0.7988","0.8208","0.8237","0.7965","-2.66%"
"Oct 23, 2016","0.8206","0.8185","0.8278","0.8151","0.40%"
"Oct 16, 2016","0.8173","0.8203","0.8243","0.8112","-0.40%"
"Oct 09, 2016","0.8206","0.8036","0.8272","0.8028","2.03%"
"Oct 02, 2016","0.8043","0.7722","0.8461","0.7722","4.37%"
"Sep 25, 2016","0.7706","0.7713","0.7743","0.7656","-0.03%"
"Sep 18, 2016","0.7708","0.7692","0.7744","0.7621","0.21%"
"Sep 11, 2016","0.7692","0.7539","0.7696","0.7493","2.04%"
"Sep 04, 2016","0.7538","0.7517","0.7554","0.7438","0.20%"
"Aug 28, 2016","0.7523","0.7611","0.7661","0.7491","-1.17%"
"Aug 21, 2016","0.7612","0.7653","0.7673","0.7530","-0.47%"
"Aug 14, 2016","0.7648","0.7739","0.7773","0.7583","-1.16%"
"Aug 07, 2016","0.7738","0.7655","0.7751","0.7637","1.15%"
"Jul 31, 2016","0.7650","0.7553","0.7681","0.7480","1.19%"
"Jul 24, 2016","0.7560","0.7625","0.7658","0.7518","-0.89%"
"Jul 17, 2016","0.7628","0.7592","0.7655","0.7510","0.63%"
"Jul 10, 2016","0.7580","0.7721","0.7782","0.7417","-1.80%"
"Jul 03, 2016","0.7719","0.7542","0.7813","0.7496","2.37%"
"Jun 26, 2016","0.7540","0.7371","0.7621","0.7369","3.15%"
"Jun 19, 2016","0.7310","0.6961","0.7558","0.6657","4.95%"
"Jun 12, 2016","0.6965","0.7014","0.7137","0.6949","-0.70%"
"Jun 05, 2016","0.7014","0.6889","0.7052","0.6829","1.84%"
"May 29, 2016","0.6887","0.6844","0.6952","0.6791","0.73%"
"May 22, 2016","0.6837","0.6895","0.6926","0.6785","-0.86%"
"May 15, 2016","0.6896","0.6966","0.6977","0.6819","-0.96%"
"May 08, 2016","0.6963","0.6927","0.6974","0.6882","0.48%"
"May 01, 2016","0.6930","0.6845","0.6938","0.6771","1.27%"
"Apr 24, 2016","0.6843","0.6937","0.6944","0.6816","-1.45%"
"Apr 17, 2016","0.6944","0.7027","0.7077","0.6918","-1.43%"
"Apr 10, 2016","0.7045","0.7077","0.7097","0.6969","-0.48%"
"Apr 03, 2016","0.7079","0.7033","0.7141","0.6983","0.71%"
"Mar 27, 2016","0.7029","0.7077","0.7085","0.6918","-0.58%"
"Mar 20, 2016","0.7070","0.6905","0.7114","0.6905","2.37%"
"Mar 13, 2016","0.6906","0.6952","0.7116","0.6889","-0.73%"
"Mar 06, 2016","0.6957","0.7026","0.7084","0.6926","-1.01%"
"Feb 28, 2016","0.7028","0.7209","0.7228","0.7018","-2.51%"
"Feb 21, 2016","0.7209","0.6942","0.7218","0.6942","3.85%"
"Feb 14, 2016","0.6942","0.6896","0.7026","0.6879","0.71%"
"Feb 07, 2016","0.6893","0.6896","0.6968","0.6859","-0.03%"
"Jan 31, 2016","0.6895","0.7024","0.7029","0.6816","-1.77%"
"Jan 24, 2016","0.7019","0.7008","0.7068","0.6938","0.13%"
"Jan 17, 2016","0.7010","0.7012","0.7102","0.6962","-0.06%"
"Jan 10, 2016","0.7014","0.6887","0.7019","0.6848","1.84%"
"Jan 03, 2016","0.6887","0.6776","0.6895","0.6750","1.56%"
"Dec 27, 2015","0.6781","0.6706","0.6794","0.6695","1.27%"
"Dec 20, 2015","0.6696","0.6710","0.6754","0.6691","-0.27%"
"Dec 13, 2015","0.6714","0.6569","0.6728","0.6563","2.18%"
"Dec 06, 2015","0.6571","0.6618","0.6687","0.6561","-0.70%"
"Nov 29, 2015","0.6617","0.6646","0.6714","0.6596","-0.50%"
"Nov 22, 2015","0.6650","0.6582","0.6654","0.6579","1.02%"
"Nov 15, 2015","0.6583","0.6559","0.6599","0.6520","0.29%"
"Nov 08, 2015","0.6564","0.6643","0.6650","0.6552","-1.22%"
"Nov 01, 2015","0.6645","0.6472","0.6657","0.6453","2.51%"
"Oct 25, 2015","0.6482","0.6528","0.6561","0.6464","-0.74%"
"Oct 18, 2015","0.6530","0.6475","0.6534","0.6447","0.79%"
"Oct 11, 2015","0.6479","0.6524","0.6580","0.6448","-0.84%"
"Oct 04, 2015","0.6534","0.6585","0.6606","0.6500","-0.79%"
"Sep 27, 2015","0.6586","0.6582","0.6620","0.6561","0.00%"
"Sep 20, 2015","0.6586","0.6434","0.6607","0.6422","2.28%"
"Sep 13, 2015","0.6439","0.6482","0.6524","0.6385","-0.65%"
"Sep 06, 2015","0.6481","0.6585","0.6592","0.6461","-1.67%"
"Aug 30, 2015","0.6591","0.6493","0.6596","0.6478","1.46%"
"Aug 23, 2015","0.6496","0.6367","0.6521","0.6321","1.96%"
"Aug 16, 2015","0.6371","0.6389","0.6427","0.6359","-0.33%"
"Aug 09, 2015","0.6392","0.6452","0.6470","0.6384","-0.95%"
"Aug 02, 2015","0.6453","0.6396","0.6484","0.6389","0.81%"
"Jul 26, 2015","0.6401","0.6446","0.6455","0.6372","-0.70%"
"Jul 19, 2015","0.6446","0.6406","0.6466","0.6381","0.61%"
"Jul 12, 2015","0.6407","0.6453","0.6472","0.6379","-0.53%"
"Jul 05, 2015","0.6441","0.6434","0.6524","0.6399","0.30%"
"Jun 28, 2015","0.6422","0.6368","0.6426","0.6334","1.15%"
"Jun 21, 2015","0.6349","0.6298","0.6382","0.6284","0.84%"
"Jun 14, 2015","0.6296","0.6425","0.6458","0.6278","-2.05%"
"Jun 07, 2015","0.6428","0.6552","0.6570","0.6411","-1.85%"
"May 31, 2015","0.6549","0.6539","0.6592","0.6475","0.14%"
"May 24, 2015","0.6540","0.6457","0.6564","0.6448","1.30%"
"May 17, 2015","0.6456","0.6354","0.6474","0.6349","1.51%"
"May 10, 2015","0.6360","0.6470","0.6497","0.6323","-1.70%"
"May 03, 2015","0.6470","0.6604","0.6627","0.6442","-2.03%"
"Apr 26, 2015","0.6604","0.6592","0.6620","0.6452","0.30%"
"Apr 19, 2015","0.6584","0.6685","0.6732","0.6583","-1.50%"
"Apr 12, 2015","0.6684","0.6833","0.6865","0.6643","-2.21%"
"Apr 05, 2015","0.6835","0.6704","0.6856","0.6675","1.98%"
"Mar 29, 2015","0.6702","0.6716","0.6784","0.6691","-0.30%"
"Mar 22, 2015","0.6722","0.6676","0.6760","0.6670","0.51%"
"Mar 15, 2015","0.6688","0.6777","0.6833","0.6601","-1.39%"
"Mar 08, 2015","0.6782","0.6649","0.6804","0.6605","1.98%"
"Mar 01, 2015","0.6650","0.6474","0.6654","0.6472","2.64%"
"Feb 22, 2015","0.6479","0.6495","0.6523","0.6429","-0.22%"
"Feb 15, 2015","0.6493","0.6490","0.6530","0.6460","-0.02%"
"Feb 08, 2015","0.6494","0.6555","0.6580","0.6484","-0.99%"
"Feb 01, 2015","0.6559","0.6628","0.6672","0.6514","-1.16%"
"Jan 25, 2015","0.6636","0.6672","0.6678","0.6568","-0.52%"
"Jan 18, 2015","0.6671","0.6593","0.6689","0.6573","1.06%"
"Jan 11, 2015","0.6601","0.6586","0.6634","0.6550","0.08%"
"Jan 04, 2015","0.6596","0.6522","0.6652","0.6520","1.10%"
"Dec 28, 2014","0.6524","0.6424","0.6525","0.6402","1.49%"
"Dec 21, 2014","0.6428","0.6403","0.6458","0.6383","0.48%"
"Dec 14, 2014","0.6397","0.6361","0.6433","0.6335","0.57%"
"Dec 07, 2014","0.6361","0.6415","0.6435","0.6346","-0.87%"
"Nov 30, 2014","0.6417","0.6390","0.6424","0.6344","0.42%"
"Nov 23, 2014","0.6390","0.6386","0.6406","0.6319","0.03%"
"Nov 16, 2014","0.6388","0.6381","0.6415","0.6355","0.09%"
"Nov 09, 2014","0.6382","0.6299","0.6414","0.6272","1.30%"
"Nov 02, 2014","0.6300","0.6259","0.6333","0.6241","0.78%"
"Oct 26, 2014","0.6251","0.6213","0.6273","0.6179","0.58%"
"Oct 19, 2014","0.6215","0.6214","0.6253","0.6178","0.03%"
"Oct 12, 2014","0.6213","0.6220","0.6300","0.6201","-0.11%"
"Oct 05, 2014","0.6220","0.6265","0.6273","0.6163","-0.70%"
"Sep 28, 2014","0.6264","0.6155","0.6269","0.6140","1.77%"
"Sep 21, 2014","0.6155","0.6139","0.6159","0.6092","0.26%"
"Sep 14, 2014","0.6139","0.6145","0.6188","0.6050","-0.13%"
"Sep 07, 2014","0.6147","0.6173","0.6230","0.6144","0.36%"
"Aug 31, 2014","0.6125","0.6026","0.6141","0.6008","1.66%"
"Aug 24, 2014","0.6025","0.6035","0.6050","0.6018","-0.17%"
"Aug 17, 2014","0.6035","0.5979","0.6038","0.5974","0.77%"
"Aug 10, 2014","0.5989","0.5958","0.6004","0.5937","0.47%"
"Aug 03, 2014","0.5961","0.5945","0.5965","0.5920","0.27%"
"Jul 27, 2014","0.5945","0.5891","0.5946","0.5881","0.92%"
"Jul 20, 2014","0.5891","0.5851","0.5896","0.5848","0.67%"
"Jul 13, 2014","0.5852","0.5842","0.5871","0.5817","0.22%"
"Jul 06, 2014","0.5839","0.5827","0.5854","0.5823","0.21%"
"Jun 29, 2014","0.5827","0.5871","0.5879","0.5820","-0.73%"
"Jun 22, 2014","0.5870","0.5877","0.5899","0.5865","-0.14%"
"Jun 15, 2014","0.5878","0.5892","0.5909","0.5861","-0.29%"
"Jun 08, 2014","0.5895","0.5950","0.5975","0.5885","-0.94%"
"Jun 01, 2014","0.5951","0.5962","0.5988","0.5936","-0.30%"
"May 25, 2014","0.5969","0.5939","0.5990","0.5923","0.51%"
"May 18, 2014","0.5939","0.5948","0.5951","0.5909","-0.13%"
"May 11, 2014","0.5947","0.5935","0.5977","0.5916","0.20%"
"May 04, 2014","0.5935","0.5928","0.5941","0.5883","0.12%"
"Apr 27, 2014","0.5928","0.5952","0.5960","0.5909","-0.37%"
"Apr 20, 2014","0.5950","0.5957","0.5967","0.5938","0.00%"
"Apr 13, 2014","0.5950","0.5984","0.5995","0.5937","-0.45%"
"Apr 06, 2014","0.5977","0.6034","0.6037","0.5945","-0.90%"
"Mar 30, 2014","0.6031","0.6006","0.6040","0.5994","0.35%"
"Mar 23, 2014","0.6010","0.6065","0.6076","0.6006","-0.92%"
"Mar 16, 2014","0.6066","0.6008","0.6069","0.5999","0.97%"
"Mar 09, 2014","0.6008","0.5982","0.6037","0.5971","0.43%"
"Mar 02, 2014","0.5982","0.5971","0.6009","0.5957","0.17%"
"Feb 23, 2014","0.5972","0.6016","0.6031","0.5963","-0.76%"
"Feb 16, 2014","0.6018","0.5971","0.6020","0.5945","0.79%"
"Feb 09, 2014","0.5971","0.6093","0.6105","0.5968","-2.00%"
"Feb 02, 2014","0.6093","0.6080","0.6154","0.6080","0.13%"
"Jan 26, 2014","0.6085","0.6068","0.6089","0.6016","0.30%"
"Jan 19, 2014","0.6067","0.6089","0.6100","0.6000","-0.36%"
"Jan 12, 2014","0.6089","0.6069","0.6132","0.6058","0.36%"
"Jan 05, 2014","0.6067","0.6093","0.6121","0.6054","-0.39%"
"Dec 29, 2013","0.6091","0.6072","0.6100","0.6024","0.38%"
"Dec 22, 2013","0.6068","0.6123","0.6136","0.6032","-0.88%"
"Dec 15, 2013","0.6122","0.6134","0.6165","0.6066","-0.23%"
"Dec 08, 2013","0.6136","0.6118","0.6149","0.6072","0.33%"
"Dec 01, 2013","0.6116","0.6111","0.6136","0.6082","0.10%"
"Nov 24, 2013","0.6110","0.6162","0.6199","0.6103","-0.86%"
"Nov 17, 2013","0.6163","0.6203","0.6228","0.6163","-0.64%"
"Nov 10, 2013","0.6203","0.6245","0.6308","0.6198","-0.64%"
"Nov 03, 2013","0.6243","0.6280","0.6288","0.6204","-0.57%"
"Oct 27, 2013","0.6279","0.6187","0.6286","0.6170","1.50%"
"Oct 20, 2013","0.6186","0.6182","0.6206","0.6151","0.02%"
"Oct 13, 2013","0.6185","0.6269","0.6292","0.6164","-1.32%"
"Oct 06, 2013","0.6268","0.6242","0.6283","0.6201","0.34%"
"Sep 29, 2013","0.6247","0.6203","0.6248","0.6149","0.82%"
"Sep 22, 2013","0.6196","0.6240","0.6268","0.6193","-0.83%"
"Sep 15, 2013","0.6248","0.6300","0.6300","0.6187","-0.81%"
"Sep 08, 2013","0.6299","0.6395","0.6408","0.6294","-1.55%"
"Sep 01, 2013","0.6398","0.6446","0.6450","0.6376","-0.78%"
"Aug 25, 2013","0.6448","0.6419","0.6482","0.6405","0.39%"
"Aug 18, 2013","0.6423","0.6400","0.6435","0.6361","0.39%"
"Aug 11, 2013","0.6398","0.6450","0.6484","0.6387","-0.84%"
"Aug 04, 2013","0.6452","0.6539","0.6576","0.6420","-1.36%"
"Jul 28, 2013","0.6541","0.6502","0.6622","0.6487","0.62%"
"Jul 21, 2013","0.6501","0.6545","0.6555","0.6478","-0.75%"
"Jul 14, 2013","0.6550","0.6614","0.6655","0.6543","-1.04%"
"Jul 07, 2013","0.6619","0.6705","0.6751","0.6568","-1.44%"
"Jun 30, 2013","0.6716","0.6579","0.6730","0.6534","2.18%"
"Jun 23, 2013","0.6573","0.6492","0.6594","0.6460","1.34%"
"Jun 16, 2013","0.6486","0.6363","0.6507","0.6348","1.85%"
"Jun 09, 2013","0.6368","0.6440","0.6453","0.6354","-0.93%"
"Jun 02, 2013","0.6428","0.6577","0.6583","0.6375","-2.31%"
"May 26, 2013","0.6580","0.6606","0.6663","0.6560","-0.47%"
"May 19, 2013","0.6611","0.6590","0.6661","0.6543","0.29%"
"May 12, 2013","0.6592","0.6506","0.6597","0.6499","1.28%"
"May 05, 2013","0.6509","0.6421","0.6531","0.6410","1.37%"
"Apr 28, 2013","0.6421","0.6457","0.6464","0.6407","-0.62%"
"Apr 21, 2013","0.6461","0.6563","0.6580","0.6452","-1.60%"
"Apr 14, 2013","0.6566","0.6517","0.6572","0.6499","0.72%"
"Apr 07, 2013","0.6519","0.6522","0.6563","0.6488","-0.02%"
"Mar 31, 2013","0.6520","0.6579","0.6652","0.6508","-0.85%"
"Mar 24, 2013","0.6576","0.6564","0.6626","0.6551","0.17%"
"Mar 17, 2013","0.6565","0.6611","0.6655","0.6557","-0.77%"
"Mar 10, 2013","0.6616","0.6701","0.6743","0.6588","-1.30%"
"Mar 03, 2013","0.6703","0.6646","0.6718","0.6578","0.75%"
"Feb 24, 2013","0.6653","0.6633","0.6673","0.6569","1.43%"
"Feb 17, 2013","0.6559","0.6449","0.6607","0.6447","1.80%"
"Feb 10, 2013","0.6443","0.6328","0.6468","0.6324","1.77%"
"Feb 03, 2013","0.6331","0.6373","0.6398","0.6310","-0.58%"
"Jan 27, 2013","0.6368","0.6342","0.6380","0.6296","0.60%"
"Jan 20, 2013","0.6330","0.6312","0.6351","0.6291","0.48%"
"Jan 13, 2013","0.6300","0.6198","0.6308","0.6189","1.60%"
"Jan 06, 2013","0.6201","0.6221","0.6252","0.6180","-0.35%"
"Dec 30, 2012","0.6223","0.6181","0.6247","0.6104","0.63%"
"Dec 23, 2012","0.6184","0.6189","0.6290","0.6169","0.00%"
"Dec 16, 2012","0.6184","0.6184","0.6192","0.6132","-0.06%"
"Dec 09, 2012","0.6188","0.6236","0.6246","0.6180","-0.75%"
"Dec 02, 2012","0.6235","0.6244","0.6249","0.6198","-0.10%"
"Nov 25, 2012","0.6241","0.6237","0.6264","0.6225","0.03%"
"Nov 18, 2012","0.6239","0.6293","0.6297","0.6229","-0.87%"
"Nov 11, 2012","0.6294","0.6288","0.6319","0.6282","0.06%"
"Nov 04, 2012","0.6290","0.6245","0.6293","0.6232","0.79%"
"Oct 28, 2012","0.6241","0.6209","0.6248","0.6181","0.53%"
"Oct 21, 2012","0.6208","0.6244","0.6285","0.6193","-0.64%"
"Oct 14, 2012","0.6248","0.6220","0.6252","0.6180","0.42%"
"Oct 07, 2012","0.6222","0.6195","0.6260","0.6193","0.37%"
"Sep 30, 2012","0.6199","0.6191","0.6225","0.6165","0.21%"
"Sep 23, 2012","0.6186","0.6155","0.6207","0.6144","0.41%"
"Sep 16, 2012","0.6161","0.6160","0.6188","0.6130","-0.10%"
"Sep 09, 2012","0.6167","0.6243","0.6267","0.6150","-1.30%"
"Sep 02, 2012","0.6248","0.6297","0.6319","0.6236","-0.86%"
"Aug 26, 2012","0.6302","0.6322","0.6348","0.6290","-0.38%"
"Aug 19, 2012","0.6326","0.6368","0.6379","0.6283","-0.71%"
"Aug 12, 2012","0.6371","0.6379","0.6396","0.6350","-0.05%"
"Aug 05, 2012","0.6374","0.6396","0.6433","0.6368","-0.28%"
"Jul 29, 2012","0.6392","0.6351","0.6456","0.6351","0.66%"
"Jul 22, 2012","0.6350","0.6404","0.6470","0.6341","-0.81%"
"Jul 15, 2012","0.6402","0.6418","0.6445","0.6354","-0.30%"
"Jul 08, 2012","0.6421","0.6459","0.6497","0.6417","-0.54%"
"Jul 01, 2012","0.6456","0.6370","0.6468","0.6359","1.41%"
"Jun 24, 2012","0.6366","0.6415","0.6458","0.6362","-0.75%"
"Jun 17, 2012","0.6414","0.6357","0.6429","0.6337","0.82%"
"Jun 10, 2012","0.6362","0.6436","0.6471","0.6357","-1.55%"
"Jun 03, 2012","0.6462","0.6505","0.6526","0.6409","-0.72%"
"May 27, 2012","0.6509","0.6378","0.6550","0.6361","1.94%"
"May 20, 2012","0.6385","0.6323","0.6399","0.6309","1.00%"
"May 13, 2012","0.6322","0.6225","0.6357","0.6201","1.61%"
"May 06, 2012","0.6222","0.6190","0.6226","0.6172","0.52%"
"Apr 29, 2012","0.6190","0.6143","0.6196","0.6133","0.70%"
"Apr 22, 2012","0.6147","0.6198","0.6222","0.6141","-0.87%"
"Apr 15, 2012","0.6201","0.6306","0.6322","0.6191","-1.73%"
"Apr 08, 2012","0.6310","0.6291","0.6326","0.6255","0.25%"
"Apr 01, 2012","0.6294","0.6243","0.6328","0.6224","0.78%"
"Mar 25, 2012","0.6245","0.6298","0.6329","0.6235","-0.90%"
"Mar 18, 2012","0.6302","0.6310","0.6342","0.6279","-0.14%"
"Mar 11, 2012","0.6311","0.6378","0.6410","0.6304","-1.08%"
"Mar 04, 2012","0.6380","0.6314","0.6384","0.6294","1.01%"
"Feb 26, 2012","0.6316","0.6294","0.6329","0.6252","0.33%"
"Feb 19, 2012","0.6295","0.6310","0.6391","0.6289","-0.32%"
"Feb 12, 2012","0.6315","0.6337","0.6392","0.6303","-0.58%"
"Feb 05, 2012","0.6352","0.6322","0.6359","0.6277","0.49%"
"Jan 29, 2012","0.6321","0.6360","0.6389","0.6295","-0.55%"
"Jan 22, 2012","0.6356","0.6429","0.6444","0.6352","-1.03%"
"Jan 15, 2012","0.6422","0.6543","0.6546","0.6420","-1.58%"
"Jan 08, 2012","0.6525","0.6484","0.6564","0.6450","0.68%"
"Jan 01, 2012","0.6481","0.6450","0.6504","0.6381","0.70%"
"Dec 25, 2011","0.6436","0.6410","0.6510","0.6372","0.39%"
"Dec 18, 2011","0.6411","0.6433","0.6465","0.6339","-0.48%"
"Dec 11, 2011","0.6442","0.6387","0.6490","0.6386","0.89%"
"Dec 04, 2011","0.6385","0.6395","0.6426","0.6340","-0.37%"
"Nov 27, 2011","0.6409","0.6459","0.6469","0.6336","-0.99%"
"Nov 20, 2011","0.6473","0.6332","0.6484","0.6329","2.24%"
"Nov 13, 2011","0.6331","0.6218","0.6374","0.6214","1.77%"
"Nov 06, 2011","0.6221","0.6222","0.6302","0.6198","-0.27%"
"Oct 30, 2011","0.6238","0.6200","0.6299","0.6185","0.56%"
"Oct 23, 2011","0.6203","0.6270","0.6293","0.6190","-1.04%"
"Oct 16, 2011","0.6268","0.6320","0.6398","0.6259","-0.84%"
"Oct 09, 2011","0.6321","0.6426","0.6441","0.6308","-1.63%"
"Oct 02, 2011","0.6426","0.6420","0.6550","0.6391","0.14%"
"Sep 25, 2011","0.6417","0.6464","0.6480","0.6362","-0.74%"
"Sep 18, 2011","0.6465","0.6358","0.6524","0.6346","2.07%"
"Sep 11, 2011","0.6334","0.6316","0.6368","0.6294","0.60%"
"Sep 04, 2011","0.6296","0.6189","0.6312","0.6177","2.11%"
"Aug 28, 2011","0.6166","0.6124","0.6199","0.6076","0.95%"
"Aug 21, 2011","0.6108","0.6069","0.6170","0.6034","0.56%"
"Aug 14, 2011","0.6074","0.6140","0.6152","0.6017","-1.12%"
"Aug 07, 2011","0.6143","0.6072","0.6208","0.6069","0.70%"
"Jul 31, 2011","0.6100","0.6098","0.6163","0.6069","0.16%"
"Jul 24, 2011","0.6090","0.6122","0.6150","0.6071","-0.72%"
"Jul 17, 2011","0.6134","0.6204","0.6249","0.6118","-1.02%"
"Jul 10, 2011","0.6197","0.6238","0.6337","0.6175","-0.48%"
"Jul 03, 2011","0.6227","0.6224","0.6277","0.6195","0.11%"
"Jun 26, 2011","0.6220","0.6264","0.6285","0.6203","-0.72%"
"Jun 19, 2011","0.6265","0.6185","0.6275","0.6148","1.47%"
"Jun 12, 2011","0.6174","0.6159","0.6220","0.6081","0.24%"
"Jun 05, 2011","0.6159","0.6088","0.6166","0.6071","1.18%"
"May 29, 2011","0.6087","0.6066","0.6141","0.6042","0.48%"
"May 22, 2011","0.6058","0.6164","0.6227","0.6054","-1.69%"
"May 15, 2011","0.6162","0.6181","0.6209","0.6133","-0.18%"
"May 08, 2011","0.6173","0.6106","0.6193","0.6053","1.05%"
"May 01, 2011","0.6109","0.5984","0.6115","0.5973","2.04%"
"Apr 24, 2011","0.5987","0.6051","0.6087","0.5971","-1.16%"
"Apr 17, 2011","0.6057","0.6128","0.6186","0.6023","-1.14%"
"Apr 10, 2011","0.6127","0.6105","0.6162","0.6086","0.39%"
"Apr 03, 2011","0.6103","0.6208","0.6215","0.6086","-1.66%"
"Mar 27, 2011","0.6206","0.6246","0.6276","0.6190","-0.47%"
"Mar 20, 2011","0.6235","0.6163","0.6247","0.6096","1.23%"
"Mar 13, 2011","0.6159","0.6217","0.6258","0.6151","-0.96%"
"Mar 06, 2011","0.6219","0.6144","0.6260","0.6117","1.22%"
"Feb 27, 2011","0.6144","0.6206","0.6222","0.6117","-0.97%"
"Feb 20, 2011","0.6204","0.6149","0.6239","0.6145","0.78%"
"Feb 13, 2011","0.6156","0.6255","0.6258","0.6148","-1.46%"
"Feb 06, 2011","0.6247","0.6211","0.6265","0.6177","0.61%"
"Jan 30, 2011","0.6209","0.6304","0.6321","0.6142","-1.51%"
"Jan 23, 2011","0.6304","0.6250","0.6349","0.6241","0.91%"
"Jan 16, 2011","0.6247","0.6301","0.6315","0.6225","-0.90%"
"Jan 09, 2011","0.6304","0.6440","0.6463","0.6292","-1.93%"
"Jan 02, 2011","0.6428","0.6421","0.6490","0.6391","0.28%"
"Dec 26, 2010","0.6410","0.6475","0.6517","0.6383","-1.02%"
"Dec 19, 2010","0.6476","0.6449","0.6512","0.6418","0.59%"
"Dec 12, 2010","0.6438","0.6326","0.6471","0.6284","1.83%"
"Dec 05, 2010","0.6322","0.6342","0.6388","0.6304","-0.25%"
"Nov 28, 2010","0.6338","0.6411","0.6458","0.6333","-1.17%"
"Nov 21, 2010","0.6413","0.6257","0.6420","0.6216","2.51%"
"Nov 14, 2010","0.6256","0.6190","0.6313","0.6189","0.94%"
"Nov 07, 2010","0.6198","0.6174","0.6269","0.6167","0.28%"
"Oct 31, 2010","0.6181","0.6232","0.6266","0.6134","-0.85%"
"Oct 24, 2010","0.6234","0.6381","0.6384","0.6231","-2.21%"
"Oct 17, 2010","0.6375","0.6255","0.6389","0.6247","1.95%"
"Oct 10, 2010","0.6253","0.6265","0.6346","0.6208","-0.16%"
"Oct 03, 2010","0.6263","0.6326","0.6350","0.6242","-0.93%"
"Sep 26, 2010","0.6322","0.6318","0.6383","0.6279","0.02%"
"Sep 19, 2010","0.6321","0.6384","0.6451","0.6311","-1.22%"
"Sep 12, 2010","0.6399","0.6512","0.6517","0.6356","-1.77%"
"Sep 05, 2010","0.6514","0.6475","0.6538","0.6437","0.63%"
"Aug 29, 2010","0.6473","0.6436","0.6525","0.6418","0.48%"
"Aug 22, 2010","0.6442","0.6432","0.6506","0.6401","0.06%"
"Aug 15, 2010","0.6438","0.6417","0.6468","0.6366","0.42%"
"Aug 08, 2010","0.6411","0.6254","0.6426","0.6250","2.23%"
"Aug 01, 2010","0.6271","0.6358","0.6371","0.6249","-1.65%"
"Jul 25, 2010","0.6376","0.6486","0.6490","0.6360","-1.57%"
"Jul 18, 2010","0.6478","0.6539","0.6612","0.6472","-0.95%"
"Jul 11, 2010","0.6540","0.6641","0.6690","0.6462","-1.48%"
"Jul 04, 2010","0.6638","0.6578","0.6645","0.6560","0.91%"
"Jun 27, 2010","0.6578","0.6642","0.6724","0.6565","-0.90%"
"Jun 20, 2010","0.6638","0.6730","0.6808","0.6631","-1.57%"
"Jun 13, 2010","0.6744","0.6865","0.6872","0.6716","-1.91%"
"Jun 06, 2010","0.6875","0.6931","0.6971","0.6774","-0.58%"
"May 30, 2010","0.6915","0.6928","0.6931","0.6769","0.03%"
"May 23, 2010","0.6913","0.6914","0.7013","0.6843","0.03%"
"May 16, 2010","0.6911","0.6883","0.7027","0.6873","0.48%"
"May 09, 2010","0.6878","0.6732","0.6899","0.6641","1.82%"
"May 02, 2010","0.6755","0.6528","0.6908","0.6526","3.15%"
"Apr 25, 2010","0.6549","0.6498","0.6612","0.6452","0.72%"
"Apr 18, 2010","0.6502","0.6541","0.6583","0.6462","-0.12%"
"Apr 11, 2010","0.6510","0.6472","0.6521","0.6441","0.09%"
"Apr 04, 2010","0.6504","0.6548","0.6610","0.6495","-1.08%"
"Mar 28, 2010","0.6575","0.6688","0.6714","0.6533","-2.01%"
"Mar 21, 2010","0.6710","0.6671","0.6758","0.6616","0.74%"
"Mar 14, 2010","0.6661","0.6588","0.6677","0.6501","1.17%"
"Mar 07, 2010","0.6584","0.6605","0.6724","0.6570","-0.35%"
"Feb 28, 2010","0.6607","0.6595","0.6764","0.6576","0.75%"
"Feb 21, 2010","0.6558","0.6460","0.6601","0.6419","1.47%"
"Feb 14, 2010","0.6463","0.6377","0.6516","0.6322","1.40%"
"Feb 07, 2010","0.6374","0.6412","0.6439","0.6342","-0.31%"
"Jan 31, 2010","0.6394","0.6269","0.6428","0.6222","2.32%"
"Jan 24, 2010","0.6249","0.6207","0.6258","0.6143","0.66%"
"Jan 17, 2010","0.6208","0.6151","0.6220","0.6075","0.96%"
"Jan 10, 2010","0.6149","0.6221","0.6232","0.6113","-1.44%"
"Jan 03, 2010","0.6239","0.6200","0.6290","0.6156","0.89%"
"Dec 27, 2009","0.6184","0.6266","0.6317","0.6158","-1.28%"
"Dec 20, 2009","0.6264","0.6201","0.6281","0.6185","1.16%"
"Dec 13, 2009","0.6192","0.6151","0.6230","0.6093","0.63%"
"Dec 06, 2009","0.6153","0.6086","0.6186","0.6053","1.22%"
"Nov 29, 2009","0.6079","0.6055","0.6105","0.5979","0.12%"
"Nov 22, 2009","0.6072","0.6060","0.6146","0.5970","0.23%"
"Nov 15, 2009","0.6058","0.5982","0.6076","0.5924","1.12%"
"Nov 08, 2009","0.5991","0.6000","0.6055","0.5935","-0.42%"
"Nov 01, 2009","0.6016","0.6091","0.6150","0.6010","-1.09%"
"Oct 25, 2009","0.6082","0.6136","0.6154","0.6022","-0.82%"
"Oct 18, 2009","0.6132","0.6129","0.6158","0.5989","0.29%"
"Oct 11, 2009","0.6114","0.6304","0.6366","0.6096","-3.18%"
"Oct 04, 2009","0.6315","0.6273","0.6319","0.6202","0.67%"
"Sep 27, 2009","0.6273","0.6261","0.6341","0.6200","0.08%"
"Sep 20, 2009","0.6268","0.6166","0.6283","0.6072","1.99%"
"Sep 13, 2009","0.6146","0.5993","0.6162","0.5992","2.42%"
"Sep 06, 2009","0.6001","0.6100","0.6127","0.5972","-1.62%"
"Aug 30, 2009","0.6100","0.6147","0.6207","0.6092","-0.76%"
"Aug 23, 2009","0.6147","0.6058","0.6190","0.6042","1.47%"
"Aug 16, 2009","0.6058","0.6057","0.6145","0.6014","0.20%"
"Aug 09, 2009","0.6046","0.5997","0.6102","0.5980","0.87%"
"Aug 02, 2009","0.5994","0.5982","0.6006","0.5866","0.22%"
"Jul 26, 2009","0.5981","0.6078","0.6121","0.5976","-1.73%"
"Jul 19, 2009","0.6086","0.6118","0.6131","0.6028","-0.60%"
"Jul 12, 2009","0.6123","0.6176","0.6238","0.6068","-0.81%"
"Jul 05, 2009","0.6173","0.6143","0.6257","0.6104","0.87%"
"Jun 28, 2009","0.6120","0.6058","0.6135","0.5971","1.12%"
"Jun 21, 2009","0.6052","0.6056","0.6170","0.6022","-0.10%"
"Jun 14, 2009","0.6058","0.6087","0.6178","0.6035","-0.38%"
"Jun 07, 2009","0.6081","0.6267","0.6329","0.6015","-2.83%"
"May 31, 2009","0.6258","0.6182","0.6273","0.6000","1.28%"
"May 24, 2009","0.6179","0.6276","0.6339","0.6172","-1.53%"
"May 17, 2009","0.6275","0.6588","0.6616","0.6271","-4.85%"
"May 10, 2009","0.6595","0.6566","0.6641","0.6512","0.55%"
"May 03, 2009","0.6559","0.6698","0.6741","0.6552","-2.15%"
"Apr 26, 2009","0.6703","0.6819","0.6890","0.6689","-1.61%"
"Apr 19, 2009","0.6813","0.6762","0.6945","0.6750","0.78%"
"Apr 12, 2009","0.6760","0.6830","0.6846","0.6635","-0.82%"
"Apr 05, 2009","0.6816","0.6735","0.6858","0.6683","1.10%"
"Mar 29, 2009","0.6742","0.7018","0.7087","0.6734","-3.42%"
"Mar 22, 2009","0.6981","0.6902","0.7009","0.6765","1.00%"
"Mar 15, 2009","0.6912","0.7163","0.7222","0.6849","-3.26%"
"Mar 08, 2009","0.7145","0.7073","0.7323","0.7049","0.62%"
"Mar 01, 2009","0.7101","0.6996","0.7166","0.6990","1.62%"
"Feb 22, 2009","0.6988","0.6947","0.7087","0.6819","0.95%"
"Feb 15, 2009","0.6922","0.7037","0.7097","0.6906","-0.43%"
"Feb 08, 2009","0.6952","0.6766","0.7074","0.6672","2.93%"
"Feb 01, 2009","0.6754","0.6909","0.7117","0.6736","-1.96%"
"Jan 25, 2009","0.6889","0.7286","0.7381","0.6881","-4.89%"
"Jan 18, 2009","0.7243","0.6741","0.7407","0.6706","6.81%"
"Jan 11, 2009","0.6781","0.6605","0.6911","0.6600","2.98%"
"Jan 04, 2009","0.6585","0.6883","0.6931","0.6504","-4.36%"
"Dec 28, 2008","0.6885","0.6819","0.6966","0.6758","0.86%"
"Dec 21, 2008","0.6826","0.6688","0.6827","0.6668","1.90%"
"Dec 14, 2008","0.6699","0.6685","0.6751","0.6358","0.13%"
"Dec 07, 2008","0.6690","0.6784","0.6814","0.6613","-1.31%"
"Nov 30, 2008","0.6779","0.6506","0.6911","0.6493","4.31%"
"Nov 23, 2008","0.6499","0.6699","0.6738","0.6436","-3.19%"
"Nov 16, 2008","0.6713","0.6825","0.6828","0.6557","-0.94%"
"Nov 09, 2008","0.6777","0.6321","0.6871","0.6294","6.24%"
"Nov 02, 2008","0.6379","0.6217","0.6437","0.6096","2.51%"
"Oct 26, 2008","0.6223","0.6349","0.6546","0.5997","-0.89%"
"Oct 19, 2008","0.6279","0.5776","0.6550","0.5708","8.54%"
"Oct 12, 2008","0.5785","0.5842","0.5905","0.5672","-1.40%"
"Oct 05, 2008","0.5867","0.5655","0.5958","0.5650","3.93%"
"Sep 28, 2008","0.5645","0.5470","0.5697","0.5452","4.13%"
"Sep 21, 2008","0.5421","0.5454","0.5476","0.5355","-0.71%"
"Sep 14, 2008","0.5460","0.5557","0.5639","0.5437","-2.01%"
"Sep 07, 2008","0.5572","0.5598","0.5732","0.5562","-1.62%"
"Aug 31, 2008","0.5664","0.5517","0.5703","0.5515","3.15%"
"Aug 24, 2008","0.5491","0.5401","0.5503","0.5379","1.69%"
"Aug 17, 2008","0.5400","0.5364","0.5404","0.5320","0.77%"
"Aug 10, 2008","0.5359","0.5228","0.5402","0.5192","2.90%"
"Aug 03, 2008","0.5208","0.5062","0.5223","0.5059","2.88%"
"Jul 27, 2008","0.5062","0.5023","0.5070","0.5007","0.78%"
"Jul 20, 2008","0.5023","0.5010","0.5047","0.4980","0.38%"
"Jul 13, 2008","0.5004","0.5021","0.5047","0.4961","-0.40%"
"Jul 06, 2008","0.5024","0.5043","0.5090","0.5010","-0.38%"
"Jun 29, 2008","0.5043","0.5014","0.5053","0.4998","0.58%"
"Jun 22, 2008","0.5014","0.5062","0.5105","0.5011","-0.97%"
"Jun 15, 2008","0.5063","0.5133","0.5139","0.5052","-1.44%"
"Jun 08, 2008","0.5137","0.5074","0.5153","0.5049","1.20%"
"Jun 01, 2008","0.5076","0.5058","0.5139","0.5057","0.63%"
"May 25, 2008","0.5044","0.5047","0.5083","0.5038","-0.14%"
"May 18, 2008","0.5051","0.5109","0.5141","0.5036","-1.17%"
"May 11, 2008","0.5111","0.5126","0.5164","0.5093","-0.12%"
"May 04, 2008","0.5117","0.5067","0.5139","0.5054","0.85%"
"Apr 27, 2008","0.5074","0.5038","0.5096","0.5008","0.69%"
"Apr 20, 2008","0.5039","0.5005","0.5082","0.4992","0.66%"
"Apr 13, 2008","0.5006","0.5086","0.5103","0.5000","-1.34%"
"Apr 06, 2008","0.5074","0.5014","0.5090","0.5014","1.10%"
"Mar 30, 2008","0.5019","0.5008","0.5069","0.4988","0.10%"
"Mar 23, 2008","0.5014","0.5046","0.5061","0.4951","-0.59%"
"Mar 16, 2008","0.5044","0.4955","0.5068","0.4932","1.82%"
"Mar 09, 2008","0.4954","0.4958","0.5002","0.4902","-0.20%"
"Mar 02, 2008","0.4964","0.5027","0.5071","0.4946","-1.37%"
"Feb 24, 2008","0.5033","0.5076","0.5099","0.5007","-0.98%"
"Feb 17, 2008","0.5083","0.5109","0.5166","0.5073","-0.33%"
"Feb 10, 2008","0.5100","0.5139","0.5154","0.5065","-0.78%"
"Feb 03, 2008","0.5140","0.5087","0.5159","0.5053","1.00%"
"Jan 27, 2008","0.5089","0.5040","0.5089","0.5010","0.87%"
"Jan 20, 2008","0.5045","0.5107","0.5172","0.5037","-1.41%"
"Jan 13, 2008","0.5117","0.5107","0.5124","0.5052","0.14%"
"Jan 06, 2008","0.5110","0.5066","0.5133","0.5042","0.75%"
"Dec 30, 2007","0.5072","0.5011","0.5083","0.4974","1.08%"
"Dec 23, 2007","0.5018","0.5042","0.5077","0.4994","-0.48%"
"Dec 16, 2007","0.5042","0.4963","0.5049","0.4943","1.63%"
"Dec 09, 2007","0.4961","0.4924","0.4964","0.4859","0.77%"
"Dec 02, 2007","0.4923","0.4866","0.4955","0.4835","1.23%"
"Nov 25, 2007","0.4863","0.4853","0.4870","0.4799","0.21%"
"Nov 18, 2007","0.4853","0.4867","0.4889","0.4815","-0.37%"
"Nov 11, 2007","0.4871","0.4795","0.4914","0.4791","1.84%"
"Nov 04, 2007","0.4783","0.4787","0.4813","0.4725","-0.02%"
"Oct 28, 2007","0.4784","0.4868","0.4871","0.4782","-1.83%"
"Oct 21, 2007","0.4873","0.4869","0.4936","0.4860","0.00%"
"Oct 14, 2007","0.4873","0.4913","0.4929","0.4871","-0.73%"
"Oct 07, 2007","0.4909","0.4897","0.4940","0.4883","0.29%"
"Sep 30, 2007","0.4895","0.4884","0.4931","0.4879","0.20%"
"Sep 23, 2007","0.4885","0.4948","0.4980","0.4880","-1.31%"
"Sep 16, 2007","0.4950","0.4986","0.5030","0.4946","-0.58%"
"Sep 09, 2007","0.4979","0.4930","0.4987","0.4909","1.06%"
"Sep 02, 2007","0.4927","0.4957","0.4990","0.4920","-0.69%"
"Aug 26, 2007","0.4961","0.4966","0.5010","0.4942","-0.06%"
"Aug 19, 2007","0.4964","0.5047","0.5065","0.4958","-1.66%"
"Aug 12, 2007","0.5048","0.4945","0.5089","0.4935","2.17%"
"Aug 05, 2007","0.4941","0.4898","0.4963","0.4886","0.78%"
"Jul 29, 2007","0.4903","0.4948","0.4955","0.4887","-0.75%"
"Jul 22, 2007","0.4940","0.4866","0.4944","0.4841","1.54%"
"Jul 15, 2007","0.4865","0.4917","0.4920","0.4856","-1.02%"
"Jul 08, 2007","0.4915","0.4971","0.4976","0.4909","-1.21%"
"Jul 01, 2007","0.4975","0.4978","0.4987","0.4948","0.00%"
"Jun 24, 2007","0.4975","0.5002","0.5018","0.4975","-0.54%"
"Jun 17, 2007","0.5002","0.5060","0.5062","0.5000","-1.15%"
"Jun 10, 2007","0.5060","0.5077","0.5090","0.5054","-0.30%"
"Jun 03, 2007","0.5075","0.5045","0.5097","0.5007","0.57%"
"May 27, 2007","0.5046","0.5040","0.5068","0.5024","0.10%"
"May 20, 2007","0.5041","0.5062","0.5082","0.5025","-0.45%"
"May 13, 2007","0.5064","0.5044","0.5077","0.5031","0.30%"
"May 06, 2007","0.5049","0.5015","0.5060","0.5000","0.58%"
"Apr 29, 2007","0.5020","0.5009","0.5040","0.4981","0.30%"
"Apr 22, 2007","0.5005","0.4985","0.5035","0.4983","0.22%"
"Apr 15, 2007","0.4994","0.5034","0.5034","0.4966","-0.79%"
"Apr 08, 2007","0.5034","0.5087","0.5104","0.5027","-1.08%"
"Apr 01, 2007","0.5089","0.5077","0.5092","0.5044","0.16%"
"Mar 25, 2007","0.5081","0.5100","0.5117","0.5069","-0.33%"
"Mar 18, 2007","0.5098","0.5151","0.5160","0.5069","-0.97%"
"Mar 11, 2007","0.5148","0.5173","0.5205","0.5126","-0.58%"
"Mar 04, 2007","0.5178","0.5145","0.5212","0.5140","0.64%"
"Feb 25, 2007","0.5145","0.5091","0.5151","0.5082","1.02%"
"Feb 18, 2007","0.5093","0.5116","0.5147","0.5088","-0.66%"
"Feb 11, 2007","0.5127","0.5132","0.5154","0.5081","-0.02%"
"Feb 04, 2007","0.5128","0.5083","0.5140","0.5066","0.89%"
"Jan 28, 2007","0.5083","0.5102","0.5133","0.5063","-0.37%"
"Jan 21, 2007","0.5102","0.5065","0.5113","0.5020","0.71%"
"Jan 14, 2007","0.5066","0.5102","0.5110","0.5055","-0.78%"
"Jan 07, 2007","0.5106","0.5180","0.5192","0.5099","-1.45%"
"Dec 31, 2006","0.5181","0.5104","0.5192","0.5062","1.47%"
"Dec 24, 2006","0.5106","0.5102","0.5125","0.5081","0.06%"
"Dec 17, 2006","0.5103","0.5120","0.5145","0.5063","-0.37%"
"Dec 10, 2006","0.5122","0.5123","0.5136","0.5067","0.06%"
"Dec 03, 2006","0.5119","0.5059","0.5125","0.5039","1.35%"
"Nov 26, 2006","0.5051","0.5136","0.5180","0.5038","-2.41%"
"Nov 19, 2006","0.5176","0.5276","0.5283","0.5167","-1.88%"
"Nov 12, 2006","0.5275","0.5234","0.5310","0.5220","0.82%"
"Nov 05, 2006","0.5232","0.5256","0.5277","0.5212","-0.55%"
"Oct 29, 2006","0.5261","0.5274","0.5275","0.5225","-0.08%"
"Oct 22, 2006","0.5265","0.5310","0.5354","0.5262","-0.83%"
"Oct 15, 2006","0.5309","0.5388","0.5398","0.5301","-1.45%"
"Oct 08, 2006","0.5387","0.5349","0.5401","0.5342","0.77%"
"Oct 01, 2006","0.5346","0.5333","0.5355","0.5290","0.07%"
"Sep 24, 2006","0.5342","0.5261","0.5367","0.5242","1.48%"
"Sep 17, 2006","0.5264","0.5325","0.5338","0.5245","-1.05%"
"Sep 10, 2006","0.5320","0.5360","0.5375","0.5285","-0.86%"
"Sep 03, 2006","0.5366","0.5246","0.5368","0.5240","2.31%"
"Aug 27, 2006","0.5245","0.5297","0.5302","0.5237","-1.06%"
"Aug 20, 2006","0.5301","0.5315","0.5315","0.5263","-0.19%"
"Aug 13, 2006","0.5311","0.5290","0.5326","0.5256","0.38%"
"Aug 06, 2006","0.5291","0.5243","0.5301","0.5222","0.93%"
"Jul 30, 2006","0.5242","0.5368","0.5372","0.5227","-2.26%"
"Jul 23, 2006","0.5363","0.5378","0.5440","0.5353","-0.28%"
"Jul 16, 2006","0.5378","0.5442","0.5502","0.5375","-1.12%"
"Jul 09, 2006","0.5439","0.5405","0.5462","0.5398","0.65%"
"Jul 02, 2006","0.5404","0.5412","0.5457","0.5393","-0.15%"
"Jun 25, 2006","0.5412","0.5498","0.5528","0.5405","-1.60%"
"Jun 18, 2006","0.5500","0.5399","0.5516","0.5395","1.78%"
"Jun 11, 2006","0.5404","0.5437","0.5460","0.5387","-0.50%"
"Jun 04, 2006","0.5431","0.5308","0.5445","0.5296","2.22%"
"May 28, 2006","0.5313","0.5382","0.5387","0.5299","-1.21%"
"May 21, 2006","0.5378","0.5326","0.5396","0.5294","0.98%"
"May 14, 2006","0.5326","0.5272","0.5347","0.5255","0.97%"
"May 07, 2006","0.5275","0.5369","0.5401","0.5262","-1.92%"
"Apr 30, 2006","0.5378","0.5482","0.5493","0.5369","-1.77%"
"Apr 23, 2006","0.5475","0.5594","0.5621","0.5473","-2.46%"
"Apr 16, 2006","0.5613","0.5703","0.5705","0.5574","-1.72%"
"Apr 09, 2006","0.5711","0.5738","0.5756","0.5689","-0.44%"
"Apr 02, 2006","0.5736","0.5756","0.5796","0.5675","-0.30%"
"Mar 26, 2006","0.5753","0.5737","0.5775","0.5701","0.28%"
"Mar 19, 2006","0.5737","0.5693","0.5777","0.5685","0.77%"
"Mar 12, 2006","0.5693","0.5792","0.5803","0.5682","-1.69%"
"Mar 05, 2006","0.5791","0.5692","0.5804","0.5673","1.61%"
"Feb 26, 2006","0.5699","0.5733","0.5755","0.5683","-0.56%"
"Feb 19, 2006","0.5731","0.5742","0.5756","0.5695","-0.19%"
"Feb 12, 2006","0.5742","0.5733","0.5788","0.5717","0.14%"
"Feb 05, 2006","0.5734","0.5672","0.5756","0.5667","1.06%"
"Jan 29, 2006","0.5674","0.5653","0.5685","0.5598","0.32%"
"Jan 22, 2006","0.5656","0.5647","0.5661","0.5574","0.16%"
"Jan 15, 2006","0.5647","0.5625","0.5706","0.5618","0.27%"
"Jan 08, 2006","0.5632","0.5652","0.5707","0.5623","-0.30%"
"Jan 01, 2006","0.5649","0.5809","0.5817","0.5642","-2.75%"
"Dec 25, 2005","0.5809","0.5767","0.5840","0.5743","0.76%"
"Dec 18, 2005","0.5765","0.5650","0.5780","0.5638","2.16%"
"Dec 11, 2005","0.5643","0.5712","0.5716","0.5612","-0.95%"
"Dec 04, 2005","0.5697","0.5773","0.5789","0.5691","-1.25%"
"Nov 27, 2005","0.5769","0.5837","0.5866","0.5753","-1.10%"
"Nov 20, 2005","0.5833","0.5822","0.5860","0.5783","0.15%"
"Nov 13, 2005","0.5824","0.5739","0.5848","0.5713","1.45%"
"Nov 06, 2005","0.5741","0.5718","0.5773","0.5705","0.49%"
"Oct 30, 2005","0.5713","0.5634","0.5728","0.5608","1.28%"
"Oct 23, 2005","0.5641","0.5660","0.5673","0.5583","-0.23%"
"Oct 16, 2005","0.5654","0.5654","0.5740","0.5617","0.00%"
"Oct 09, 2005","0.5654","0.5681","0.5751","0.5647","-0.42%"
"Oct 02, 2005","0.5678","0.5675","0.5711","0.5613","0.16%"
"Sep 25, 2005","0.5669","0.5640","0.5693","0.5618","0.84%"
"Sep 18, 2005","0.5622","0.5544","0.5634","0.5509","1.70%"
"Sep 11, 2005","0.5528","0.5431","0.5551","0.5426","1.69%"
"Sep 04, 2005","0.5436","0.5435","0.5458","0.5405","0.13%"
"Aug 28, 2005","0.5429","0.5549","0.5612","0.5419","-2.29%"
"Aug 21, 2005","0.5556","0.5567","0.5585","0.5524","-0.27%"
"Aug 14, 2005","0.5571","0.5504","0.5589","0.5503","1.03%"
"Aug 07, 2005","0.5514","0.5629","0.5642","0.5499","-1.99%"
"Jul 31, 2005","0.5626","0.5692","0.5714","0.5606","-1.16%"
"Jul 24, 2005","0.5692","0.5753","0.5773","0.5676","-0.94%"
"Jul 17, 2005","0.5746","0.5713","0.5790","0.5675","0.67%"
"Jul 10, 2005","0.5708","0.5757","0.5760","0.5621","-0.76%"
"Jul 03, 2005","0.5752","0.5663","0.5778","0.5663","1.64%"
"Jun 26, 2005","0.5659","0.5485","0.5661","0.5459","3.25%"
"Jun 19, 2005","0.5481","0.5476","0.5523","0.5453","0.37%"
"Jun 12, 2005","0.5461","0.5519","0.5557","0.5458","-0.60%"
"Jun 05, 2005","0.5494","0.5516","0.5526","0.5432","-0.29%"
"May 29, 2005","0.5510","0.5484","0.5533","0.5476","0.57%"
"May 22, 2005","0.5479","0.5479","0.5500","0.5445","0.11%"
"May 15, 2005","0.5473","0.5403","0.5484","0.5402","1.18%"
"May 08, 2005","0.5409","0.5289","0.5412","0.5285","2.68%"
"May 01, 2005","0.5268","0.5244","0.5295","0.5241","0.53%"
"Apr 24, 2005","0.5240","0.5219","0.5268","0.5215","0.38%"
"Apr 17, 2005","0.5220","0.5280","0.5295","0.5202","-1.19%"
"Apr 10, 2005","0.5283","0.5305","0.5332","0.5268","-0.38%"
"Apr 03, 2005","0.5303","0.5322","0.5357","0.5301","-0.24%"
"Mar 27, 2005","0.5316","0.5346","0.5378","0.5269","-0.60%"
"Mar 20, 2005","0.5348","0.5207","0.5359","0.5206","2.75%"
"Mar 13, 2005","0.5205","0.5190","0.5236","0.5182","0.21%"
"Mar 06, 2005","0.5194","0.5198","0.5232","0.5172","-0.10%"
"Feb 27, 2005","0.5199","0.5211","0.5251","0.5188","-0.25%"
"Feb 20, 2005","0.5212","0.5282","0.5289","0.5209","-1.25%"
"Feb 13, 2005","0.5278","0.5350","0.5359","0.5269","-1.44%"
"Feb 06, 2005","0.5355","0.5336","0.5403","0.5331","0.43%"
"Jan 30, 2005","0.5332","0.5297","0.5340","0.5284","0.68%"
"Jan 23, 2005","0.5296","0.5322","0.5370","0.5281","-0.53%"
"Jan 16, 2005","0.5324","0.5345","0.5399","0.5310","-0.41%"
"Jan 09, 2005","0.5346","0.5343","0.5365","0.5279","-0.04%"
"Jan 02, 2005","0.5348","0.5208","0.5363","0.5207","2.61%"
"Dec 26, 2004","0.5212","0.5200","0.5231","0.5149","0.27%"
"Dec 19, 2004","0.5198","0.5141","0.5235","0.5125","0.93%"
"Dec 12, 2004","0.5150","0.5239","0.5242","0.5113","-1.38%"
"Dec 05, 2004","0.5222","0.5148","0.5259","0.5124","1.50%"
"Nov 28, 2004","0.5145","0.5285","0.5304","0.5143","-2.54%"
"Nov 21, 2004","0.5279","0.5380","0.5401","0.5251","-1.95%"
"Nov 14, 2004","0.5384","0.5390","0.5424","0.5364","-0.04%"
"Nov 07, 2004","0.5386","0.5390","0.5443","0.5370","-0.07%"
"Oct 31, 2004","0.5390","0.5437","0.5466","0.5385","-0.92%"
"Oct 24, 2004","0.5440","0.5463","0.5497","0.5419","-0.51%"
"Oct 17, 2004","0.5468","0.5541","0.5580","0.5457","-1.35%"
"Oct 10, 2004","0.5543","0.5572","0.5605","0.5533","-0.54%"
"Oct 03, 2004","0.5573","0.5561","0.5635","0.5561","0.29%"
"Sep 26, 2004","0.5557","0.5537","0.5578","0.5505","0.29%"
"Sep 19, 2004","0.5541","0.5578","0.5614","0.5528","-0.66%"
"Sep 12, 2004","0.5578","0.5559","0.5637","0.5544","0.29%"
"Sep 05, 2004","0.5562","0.5632","0.5647","0.5545","-1.24%"
"Aug 29, 2004","0.5632","0.5585","0.5639","0.5534","0.88%"
"Aug 22, 2004","0.5583","0.5493","0.5592","0.5493","1.60%"
"Aug 15, 2004","0.5495","0.5424","0.5506","0.5414","1.57%"
"Aug 08, 2004","0.5410","0.5423","0.5495","0.5409","-0.46%"
"Aug 01, 2004","0.5435","0.5487","0.5510","0.5414","-1.07%"
"Jul 25, 2004","0.5494","0.5453","0.5529","0.5426","0.70%"
"Jul 18, 2004","0.5456","0.5335","0.5464","0.5328","2.15%"
"Jul 11, 2004","0.5341","0.5375","0.5413","0.5331","-0.67%"
"Jul 04, 2004","0.5377","0.5459","0.5474","0.5371","-1.54%"
"Jun 27, 2004","0.5461","0.5476","0.5552","0.5446","-0.24%"
"Jun 20, 2004","0.5474","0.5459","0.5524","0.5449","0.61%"
"Jun 13, 2004","0.5441","0.5503","0.5542","0.5432","-1.13%"
"Jun 06, 2004","0.5503","0.5431","0.5506","0.5410","1.21%"
"May 30, 2004","0.5437","0.5449","0.5472","0.5407","-0.37%"
"May 23, 2004","0.5457","0.5592","0.5611","0.5441","-2.40%"
"May 16, 2004","0.5591","0.5679","0.5690","0.5568","-1.69%"
"May 09, 2004","0.5687","0.5597","0.5722","0.5591","1.64%"
"May 02, 2004","0.5595","0.5620","0.5654","0.5544","-0.44%"
"Apr 25, 2004","0.5620","0.5641","0.5690","0.5562","-0.48%"
"Apr 18, 2004","0.5647","0.5564","0.5674","0.5510","1.47%"
"Apr 11, 2004","0.5565","0.5452","0.5629","0.5427","1.89%"
"Apr 04, 2004","0.5462","0.5467","0.5523","0.5413","0.04%"
"Mar 28, 2004","0.5460","0.5515","0.5536","0.5373","-0.85%"
"Mar 21, 2004","0.5507","0.5455","0.5559","0.5392","0.92%"
"Mar 14, 2004","0.5457","0.5563","0.5574","0.5433","-1.59%"
"Mar 07, 2004","0.5545","0.5408","0.5585","0.5379","2.38%"
"Feb 29, 2004","0.5416","0.5351","0.5508","0.5332","1.18%"
"Feb 22, 2004","0.5353","0.5377","0.5418","0.5276","-0.43%"
"Feb 15, 2004","0.5376","0.5304","0.5387","0.5223","1.38%"
"Feb 08, 2004","0.5303","0.5425","0.5428","0.5265","-2.03%"
"Feb 01, 2004","0.5413","0.5484","0.5514","0.5398","-1.26%"
"Jan 25, 2004","0.5482","0.5471","0.5549","0.5438","0.13%"
"Jan 18, 2004","0.5475","0.5565","0.5611","0.5409","-1.44%"
"Jan 11, 2004","0.5555","0.5414","0.5577","0.5382","2.72%"
"Jan 04, 2004","0.5408","0.5580","0.5581","0.5405","-3.01%"
"Dec 28, 2003","0.5576","0.5643","0.5649","0.5570","-1.22%"
"Dec 21, 2003","0.5645","0.5662","0.5684","0.5629","-0.27%"
"Dec 14, 2003","0.5660","0.5758","0.5761","0.5634","-1.14%"
"Dec 07, 2003","0.5725","0.5782","0.5791","0.5709","-1.04%"
"Nov 30, 2003","0.5785","0.5811","0.5825","0.5772","-0.34%"
"Nov 23, 2003","0.5805","0.5864","0.5908","0.5798","-1.14%"
"Nov 16, 2003","0.5872","0.5922","0.5933","0.5852","-0.91%"
"Nov 09, 2003","0.5926","0.5973","0.6011","0.5911","-0.77%"
"Nov 02, 2003","0.5972","0.5897","0.6036","0.5888","1.24%"
"Oct 26, 2003","0.5899","0.5900","0.5927","0.5851","0.02%"
"Oct 19, 2003","0.5898","0.5953","0.5993","0.5882","-0.99%"
"Oct 12, 2003","0.5957","0.6009","0.6048","0.5944","-0.83%"
"Oct 05, 2003","0.6007","0.6022","0.6038","0.5958","-0.05%"
"Sep 28, 2003","0.6010","0.6029","0.6079","0.5964","-0.30%"
"Sep 21, 2003","0.6028","0.6070","0.6093","0.6010","-1.37%"
"Sep 14, 2003","0.6112","0.6232","0.6308","0.6105","-2.04%"
"Sep 07, 2003","0.6239","0.6302","0.6337","0.6222","-0.91%"
"Aug 31, 2003","0.6296","0.6333","0.6406","0.6284","-0.68%"
"Aug 24, 2003","0.6339","0.6350","0.6402","0.6315","-0.17%"
"Aug 17, 2003","0.6350","0.6259","0.6369","0.6254","1.41%"
"Aug 10, 2003","0.6262","0.6236","0.6280","0.6194","0.45%"
"Aug 03, 2003","0.6234","0.6205","0.6247","0.6176","0.42%"
"Jul 27, 2003","0.6208","0.6170","0.6249","0.6126","0.55%"
"Jul 20, 2003","0.6174","0.6331","0.6338","0.6156","-1.75%"
"Jul 13, 2003","0.6284","0.6131","0.6319","0.6131","2.48%"
"Jul 06, 2003","0.6132","0.5999","0.6166","0.5992","2.25%"
"Jun 29, 2003","0.5997","0.6064","0.6077","0.5970","-1.09%"
"Jun 22, 2003","0.6063","0.6020","0.6078","0.5952","0.90%"
"Jun 15, 2003","0.6009","0.5971","0.6030","0.5914","0.54%"
"Jun 08, 2003","0.5977","0.6027","0.6090","0.5954","-0.65%"
"Jun 01, 2003","0.6016","0.6150","0.6159","0.5983","-1.55%"
"May 25, 2003","0.6111","0.6121","0.6132","0.6042","-0.05%"
"May 18, 2003","0.6114","0.6142","0.6152","0.6071","-0.86%"
"May 11, 2003","0.6167","0.6219","0.6234","0.6135","-1.01%"
"May 04, 2003","0.6230","0.6236","0.6288","0.6176","-0.10%"
"Apr 27, 2003","0.6236","0.6274","0.6305","0.6195","-0.76%"
"Apr 20, 2003","0.6284","0.6352","0.6415","0.6256","-1.30%"
"Apr 13, 2003","0.6367","0.6366","0.6382","0.6310","0.09%"
"Apr 06, 2003","0.6361","0.6428","0.6468","0.6351","-0.70%"
"Mar 30, 2003","0.6406","0.6350","0.6414","0.6313","0.79%"
"Mar 23, 2003","0.6356","0.6383","0.6406","0.6329","-0.67%"
"Mar 16, 2003","0.6399","0.6304","0.6436","0.6289","1.33%"
"Mar 09, 2003","0.6315","0.6241","0.6332","0.6187","1.22%"
"Mar 02, 2003","0.6239","0.6357","0.6364","0.6212","-1.83%"
"Feb 23, 2003","0.6355","0.6345","0.6369","0.6290","0.38%"
"Feb 16, 2003","0.6331","0.6208","0.6341","0.6202","2.20%"
"Feb 09, 2003","0.6195","0.6127","0.6211","0.6113","1.08%"
"Feb 02, 2003","0.6129","0.6066","0.6159","0.6046","0.99%"
"Jan 26, 2003","0.6069","0.6123","0.6142","0.6034","-0.91%"
"Jan 19, 2003","0.6125","0.6202","0.6243","0.6111","-1.21%"
"Jan 12, 2003","0.6200","0.6213","0.6267","0.6171","-0.32%"
"Jan 05, 2003","0.6220","0.6215","0.6264","0.6185","0.10%"
"Dec 29, 2002","0.6214","0.6236","0.6288","0.6197","-0.34%"
"Dec 22, 2002","0.6235","0.6238","0.6302","0.6223","-0.10%"
"Dec 15, 2002","0.6241","0.6294","0.6303","0.6225","-0.79%"
"Dec 08, 2002","0.6291","0.6337","0.6377","0.6284","-0.82%"
"Dec 01, 2002","0.6343","0.6423","0.6472","0.6328","-1.23%"
"Nov 24, 2002","0.6422","0.6335","0.6488","0.6332","1.47%"
"Nov 17, 2002","0.6329","0.6330","0.6368","0.6282","0.00%"
"Nov 10, 2002","0.6329","0.6287","0.6356","0.6260","0.73%"
"Nov 03, 2002","0.6283","0.6389","0.6443","0.6274","-1.71%"
"Oct 27, 2002","0.6392","0.6445","0.6473","0.6376","-0.88%"
"Oct 20, 2002","0.6449","0.6470","0.6490","0.6421","-0.31%"
"Oct 13, 2002","0.6469","0.6400","0.6482","0.6378","1.03%"
"Oct 06, 2002","0.6403","0.6391","0.6448","0.6371","0.25%"
"Sep 29, 2002","0.6387","0.6404","0.6411","0.6342","-0.31%"
"Sep 22, 2002","0.6407","0.6430","0.6459","0.6380","-0.39%"
"Sep 15, 2002","0.6432","0.6449","0.6543","0.6409","-0.25%"
"Sep 08, 2002","0.6448","0.6415","0.6463","0.6387","0.59%"
"Sep 01, 2002","0.6410","0.6452","0.6468","0.6355","-0.65%"
"Aug 25, 2002","0.6452","0.6573","0.6589","0.6430","-1.90%"
"Aug 18, 2002","0.6577","0.6496","0.6598","0.6472","1.22%"
"Aug 11, 2002","0.6498","0.6563","0.6567","0.6462","-0.95%"
"Aug 04, 2002","0.6560","0.6371","0.6577","0.6362","2.98%"
"Jul 28, 2002","0.6370","0.6387","0.6464","0.6349","-0.25%"
"Jul 21, 2002","0.6386","0.6336","0.6430","0.6302","0.71%"
"Jul 14, 2002","0.6341","0.6445","0.6446","0.6305","-1.49%"
"Jul 07, 2002","0.6437","0.6566","0.6568","0.6416","-2.01%"
"Jun 30, 2002","0.6569","0.6525","0.6601","0.6506","0.74%"
"Jun 23, 2002","0.6521","0.6683","0.6689","0.6498","-2.37%"
"Jun 16, 2002","0.6679","0.6769","0.6780","0.6655","-1.34%"
"Jun 09, 2002","0.6770","0.6849","0.6872","0.6754","-1.18%"
"Jun 02, 2002","0.6851","0.6861","0.6882","0.6815","-0.38%"
"May 26, 2002","0.6877","0.6862","0.6878","0.6806","0.26%"
"May 19, 2002","0.6859","0.6851","0.6894","0.6831","-0.03%"
"May 12, 2002","0.6861","0.6831","0.6913","0.6823","0.44%"
"May 05, 2002","0.6831","0.6805","0.6880","0.6802","0.35%"
"Apr 28, 2002","0.6807","0.6861","0.6875","0.6798","-0.71%"
"Apr 21, 2002","0.6856","0.6910","0.6918","0.6855","-0.75%"
"Apr 14, 2002","0.6908","0.6957","0.6974","0.6893","-0.70%"
"Apr 07, 2002","0.6957","0.6987","0.6999","0.6938","-0.32%"
"Mar 31, 2002","0.6979","0.7012","0.7018","0.6928","-0.50%"
"Mar 24, 2002","0.7014","0.7017","0.7039","0.6981","-0.03%"
"Mar 17, 2002","0.7016","0.7021","0.7046","0.6978","-0.06%"
"Mar 10, 2002","0.7020","0.7031","0.7098","0.7005","-0.23%"
"Mar 03, 2002","0.7036","0.7048","0.7065","0.6984","-0.23%"
"Feb 24, 2002","0.7052","0.6983","0.7088","0.6977","1.03%"
"Feb 17, 2002","0.6980","0.6984","0.7029","0.6969","-0.09%"
"Feb 10, 2002","0.6986","0.7076","0.7077","0.6960","-1.13%"
"Feb 03, 2002","0.7066","0.7068","0.7108","0.7016","0.17%"
"Jan 27, 2002","0.7054","0.7096","0.7121","0.7047","-0.58%"
"Jan 20, 2002","0.7095","0.6958","0.7110","0.6931","1.98%"
"Jan 13, 2002","0.6957","0.6898","0.6994","0.6876","0.81%"
"Jan 06, 2002","0.6901","0.6906","0.6975","0.6898","-0.22%"